0.143,-0.208,-0.932,-2.38,-2.014,-0.549,-165.839,15.348,1.599
0.156,-0.172,-0.938,-2.808,0.122,3.845,-165.959,15.364,1.593
0.176,-0.171,-0.948,-2.625,1.526,2.014,-166.036,15.337,1.533
0.173,-0.194,-0.945,1.038,-0.793,-3.296,-166.097,15.304,1.703
0.145,-0.192,-0.937,0.0,-2.441,1.221,-166.102,15.359,1.857
0.144,-0.204,-0.932,-1.038,0.244,0.61,-166.097,15.403,1.895
0.131,-0.188,-0.947,-1.343,1.648,0.793,-166.146,15.375,1.917
0.171,-0.178,-0.949,0.122,4.761,0.183,-166.174,15.205,1.906
0.186,-0.186,-0.945,1.953,0.244,0.793,-166.108,15.09,1.95
0.146,-0.187,-0.949,2.625,-1.465,0.61,-166.003,15.145,2.005
0.157,-0.207,-0.932,1.953,0.793,0.122,-165.872,15.128,2.071
0.151,-0.201,-0.934,0.366,1.709,1.404,-165.822,15.101,2.093
0.154,-0.205,-0.937,0.183,2.93,0.854,-165.784,15.002,2.065
0.167,-0.179,-0.945,-1.282,2.808,3.845,-165.795,14.865,1.961
0.166,-0.188,-0.939,0.793,2.625,1.038,-165.767,14.766,1.895
0.168,-0.178,-0.936,1.526,2.93,0.427,-165.718,14.65,1.895
0.175,-0.214,-0.926,1.77,3.113,-2.502,-165.624,14.474,2.016
0.157,-0.223,-0.935,-1.343,5.188,-3.784,-165.619,14.277,2.197
0.183,-0.177,-0.962,-5.676,6.836,-2.075,-165.817,13.942,2.34
0.223,-0.168,-0.955,-0.183,4.395,-0.916,-165.959,13.64,2.428
0.211,-0.172,-0.932,2.197,-0.244,2.747,-165.916,13.557,2.461
0.195,-0.199,-0.935,4.456,-0.366,2.075,-165.729,13.574,2.417
0.198,-0.219,-0.933,1.282,-0.488,0.0,-165.575,13.568,2.483
0.176,-0.211,-0.938,-1.831,-1.404,-2.93,-165.602,13.596,2.648
0.183,-0.191,-0.939,-4.089,1.77,-4.639,-165.795,13.519,2.928
0.193,-0.169,-0.932,-0.854,0.549,0.549,-165.927,13.442,3.065
0.186,-0.185,-0.934,3.052,0.488,2.502,-165.828,13.442,3.043
0.192,-0.201,-0.932,2.441,0.549,3.174,-165.657,13.431,2.955
0.188,-0.203,-0.933,2.441,0.916,1.16,-165.526,13.42,2.928
0.187,-0.212,-0.939,1.099,0.793,0.305,-165.427,13.37,2.955
0.193,-0.209,-0.934,0.793,1.831,0.305,-165.372,13.321,2.977
0.204,-0.218,-0.937,0.061,-0.061,-0.732,-165.344,13.26,3.049
0.187,-0.198,-0.941,-0.366,0.427,2.991,-165.339,13.282,3.065
0.198,-0.195,-0.933,-0.244,-0.732,2.686,-165.306,13.277,3.01
0.178,-0.191,-0.931,0.671,-0.488,1.465,-165.278,13.332,2.955
0.184,-0.201,-0.931,-0.183,1.099,-0.671,-165.256,13.315,3.016
0.187,-0.192,-0.928,1.343,1.77,-1.465,-165.262,13.25,3.076
0.196,-0.196,-0.929,0.854,0.977,-0.549,-165.234,13.167,3.175
0.198,-0.218,-0.941,1.282,1.709,-1.404,-165.174,13.09,3.257
0.208,-0.224,-0.938,-1.343,0.61,-0.122,-165.163,13.013,3.356
0.196,-0.194,-0.938,-1.16,-0.61,0.732,-165.234,13.03,3.373
0.189,-0.183,-0.938,0.0,-0.916,-0.244,-165.273,13.041,3.428
0.196,-0.198,-0.92,1.892,-0.366,-0.183,-165.218,13.052,3.527
0.173,-0.199,-0.919,2.869,0.061,-0.122,-165.114,13.09,3.565
0.195,-0.221,-0.926,2.136,1.831,-1.831,-165.004,12.997,3.664
0.19,-0.222,-0.934,-0.427,1.587,-0.305,-164.965,12.903,3.735
0.209,-0.212,-0.938,-0.244,2.319,-0.549,-164.976,12.805,3.768
0.197,-0.201,-0.942,-0.671,0.061,2.075,-164.987,12.777,3.774
0.209,-0.2,-0.932,0.183,-0.183,1.587,-164.971,12.777,3.724
0.19,-0.196,-0.934,0.61,-0.183,0.427,-164.949,12.816,3.741
0.193,-0.205,-0.923,0.305,-0.916,-1.038,-164.938,12.816,3.823
0.194,-0.207,-0.93,1.16,0.671,0.0,-164.921,12.816,3.884
0.184,-0.208,-0.934,-0.244,0.854,0.732,-164.894,12.788,3.895
0.205,-0.212,-0.929,-0.488,2.319,-1.465,-164.905,12.7,3.922
0.206,-0.198,-0.93,-0.122,0.671,0.854,-164.938,12.64,3.944
0.197,-0.197,-0.936,1.099,0.061,1.038,-164.905,12.623,3.922
0.207,-0.223,-0.924,0.671,1.831,1.587,-164.828,12.585,3.895
0.2,-0.2,-0.928,0.0,0.366,2.625,-164.817,12.574,3.774
0.212,-0.212,-0.933,0.244,0.61,1.953,-164.778,12.535,3.702
0.194,-0.21,-0.932,-0.854,0.549,1.099,-164.778,12.541,3.686
0.21,-0.201,-0.936,0.0,1.343,0.366,-164.8,12.486,3.686
0.219,-0.199,-0.933,0.671,0.183,1.038,-164.784,12.448,3.675
0.205,-0.222,-0.926,1.343,-0.244,-0.183,-164.713,12.469,3.719
0.187,-0.204,-0.932,-0.488,-0.427,0.366,-164.724,12.491,3.757
0.221,-0.208,-0.928,0.549,1.526,1.099,-164.702,12.42,3.741
0.199,-0.211,-0.934,0.916,-0.61,1.465,-164.652,12.442,3.708
0.209,-0.214,-0.927,0.488,-0.061,0.122,-164.614,12.453,3.708
0.191,-0.196,-0.922,0.916,1.221,1.465,-164.608,12.464,3.697
0.201,-0.208,-0.934,2.197,1.099,0.732,-164.515,12.415,3.636
0.213,-0.225,-0.927,0.549,1.77,-0.366,-164.443,12.338,3.653
0.206,-0.217,-0.934,0.488,0.916,-2.197,-164.443,12.272,3.735
0.219,-0.217,-0.931,0.977,0.916,0.366,-164.41,12.2,3.807
0.203,-0.228,-0.923,0.0,-1.282,0.0,-164.366,12.2,3.829
0.186,-0.224,-0.919,-0.793,1.587,-1.282,-164.377,12.211,3.9
0.214,-0.209,-0.928,-0.916,0.977,0.366,-164.432,12.134,3.906
0.209,-0.201,-0.936,1.404,0.854,-0.488,-164.421,12.101,3.889
0.215,-0.231,-0.929,0.793,0.671,-2.197,-164.355,12.03,4.005
0.221,-0.22,-0.931,0.916,0.427,-0.183,-164.339,12.008,4.054
0.22,-0.216,-0.92,1.343,-1.282,2.014,-164.273,12.041,4.026
0.204,-0.231,-0.925,0.366,-1.77,0.671,-164.202,12.118,3.999
0.202,-0.223,-0.923,-0.977,-0.549,-0.549,-164.218,12.162,4.043
0.193,-0.203,-0.925,-0.427,-0.427,1.221,-164.257,12.2,4.043
0.2,-0.205,-0.928,0.671,0.61,0.0,-164.235,12.189,4.005
0.215,-0.216,-0.922,0.916,1.282,-1.831,-164.202,12.129,4.07
0.212,-0.225,-0.918,1.404,0.916,-4.15,-164.185,12.063,4.235
0.213,-0.226,-0.931,0.732,0.0,-2.686,-164.18,11.986,4.411
0.206,-0.217,-0.941,-0.549,0.488,-0.549,-164.191,11.959,4.537
0.222,-0.217,-0.929,0.977,0.366,-1.343,-164.174,11.926,4.587
0.197,-0.2,-0.918,1.892,-1.465,-0.916,-164.147,11.97,4.658
0.204,-0.219,-0.92,2.869,0.916,-1.282,-164.037,11.953,4.724
0.209,-0.232,-0.915,1.587,1.16,-2.014,-163.927,11.893,4.796
0.204,-0.223,-0.924,0.427,1.038,-3.357,-163.922,11.838,4.911
0.223,-0.223,-0.93,0.061,1.465,-2.869,-163.943,11.728,5.054
0.215,-0.212,-0.927,-0.061,0.671,-2.258,-163.976,11.667,5.175
0.23,-0.22,-0.93,0.366,0.61,-1.77,-163.982,11.585,5.295
0.219,-0.222,-0.917,1.648,0.671,-1.709,-163.949,11.569,5.389
0.221,-0.235,-0.926,0.732,-0.671,-2.563,-163.916,11.53,5.526
0.223,-0.225,-0.929,-0.854,-0.671,-1.343,-163.943,11.519,5.641
0.237,-0.238,-0.944,-0.61,-0.244,-3.662,-163.998,11.525,5.779
0.241,-0.207,-0.915,-3.479,-5.737,-1.587,-164.158,11.618,5.922
0.17,-0.21,-0.908,-1.038,-1.099,-7.629,-164.323,11.799,6.268
0.209,-0.201,-0.917,0.244,1.282,-4.15,-164.416,11.689,6.542
0.212,-0.195,-0.924,1.343,1.77,0.427,-164.405,11.613,6.608
0.219,-0.218,-0.915,2.869,1.465,-0.61,-164.279,11.547,6.57
0.208,-0.225,-0.921,1.099,2.197,-3.54,-164.224,11.459,6.658
0.227,-0.225,-0.93,-0.366,1.77,-2.563,-164.235,11.288,6.79
0.236,-0.234,-0.933,-0.427,2.502,-0.61,-164.246,11.179,6.85
0.239,-0.212,-0.928,-0.916,-0.488,1.953,-164.273,11.146,6.79
0.216,-0.211,-0.917,-0.977,-1.709,0.061,-164.301,11.206,6.757
0.202,-0.188,-0.929,-0.183,0.854,-0.244,-164.361,11.217,6.779
0.24,-0.237,-0.92,2.136,1.953,-1.282,-164.273,11.113,6.844
0.224,-0.223,-0.924,1.038,-0.916,2.502,-164.207,11.14,6.795
0.215,-0.213,-0.929,-0.122,1.099,3.845,-164.152,11.157,6.658
0.221,-0.21,-0.917,0.977,1.526,4.272,-164.07,11.135,6.449
0.22,-0.209,-0.913,3.052,3.235,4.089,-163.932,11.085,6.218
0.231,-0.241,-0.92,0.977,0.671,3.235,-163.779,11.025,6.037
0.234,-0.224,-0.938,-0.366,2.441,0.305,-163.762,10.964,5.955
0.25,-0.225,-0.926,-0.122,-1.038,-0.427,-163.779,10.915,6.021
0.221,-0.224,-0.915,1.709,-3.113,2.075,-163.74,11.036,6.037
0.207,-0.23,-0.918,2.197,-0.61,2.502,-163.63,11.157,5.977
0.215,-0.258,-0.919,-0.122,0.854,0.488,-163.531,11.151,5.933
0.239,-0.236,-0.923,-2.136,1.038,-1.343,-163.592,11.102,5.911
0.22,-0.214,-0.917,-3.113,-1.526,-0.122,-163.729,11.113,5.971
0.187,-0.206,-0.91,-0.61,0.854,-2.136,-163.828,11.157,6.01
0.228,-0.194,-0.909,0.488,2.991,-2.319,-163.872,11.003,6.081
0.237,-0.234,-0.921,2.319,2.563,-2.686,-163.806,10.849,6.191
0.242,-0.235,-0.922,1.16,0.549,-0.305,-163.757,10.778,6.229
0.222,-0.237,-0.924,-0.366,0.916,-0.244,-163.746,10.761,6.251
0.229,-0.221,-0.923,-1.465,1.526,0.427,-163.779,10.69,6.229
0.23,-0.202,-0.921,0.0,2.808,-0.916,-163.806,10.591,6.207
0.257,-0.22,-0.919,2.502,1.587,-3.906,-163.768,10.459,6.334
0.233,-0.222,-0.921,1.648,-0.671,0.061,-163.713,10.426,6.449
0.241,-0.23,-0.92,0.122,0.061,2.625,-163.636,10.432,6.405
0.237,-0.241,-0.915,0.732,0.61,-0.427,-163.597,10.453,6.35
0.239,-0.224,-0.913,-2.686,0.0,0.916,-163.685,10.432,6.361
0.224,-0.237,-0.909,-3.662,2.075,-1.343,-163.806,10.393,6.372
0.252,-0.195,-0.926,-4.395,1.282,-0.732,-164.037,10.256,6.411
0.244,-0.201,-0.932,0.183,1.77,-0.549,-164.141,10.195,6.449
0.247,-0.204,-0.913,-0.366,-0.122,1.343,-164.141,10.135,6.449
0.228,-0.212,-0.909,1.77,1.038,0.0,-164.114,10.151,6.443
0.237,-0.218,-0.913,1.77,3.235,0.183,-164.048,10.058,6.438
0.256,-0.218,-0.928,1.404,2.258,2.136,-163.954,9.91,6.35
0.264,-0.246,-0.925,0.488,1.709,0.0,-163.867,9.822,6.312
0.256,-0.219,-0.912,-1.221,-1.587,0.183,-163.911,9.849,6.345
0.28,-0.176,-0.939,2.808,-3.418,3.235,-163.889,9.954,6.323
0.262,-0.252,-0.935,6.775,-8.24,0.793,-163.581,10.245,6.405
0.217,-0.262,-0.919,0.0,-6.531,0.977,-163.46,10.613,6.493
0.199,-0.24,-0.92,-3.906,-2.869,-0.977,-163.597,10.827,6.586
0.226,-0.218,-0.909,-4.028,-0.671,0.61,-163.784,10.865,6.597
0.214,-0.207,-0.913,-1.587,-0.732,0.0,-163.9,10.931,6.542
0.215,-0.198,-0.911,-0.732,-0.366,0.427,-163.971,10.942,6.548
0.222,-0.237,-0.916,-0.305,2.197,-0.854,-163.938,10.909,6.559
0.23,-0.227,-0.922,-0.732,1.831,-1.404,-163.987,10.827,6.553
0.24,-0.218,-0.934,-2.38,0.793,0.305,-164.075,10.739,6.57
0.239,-0.211,-0.924,-2.38,-0.061,0.061,-164.18,10.723,6.564
0.22,-0.205,-0.931,-1.099,-0.854,0.0,-164.273,10.767,6.592
0.232,-0.215,-0.924,-0.671,-1.038,-1.282,-164.317,10.783,6.614
0.216,-0.206,-0.918,-1.099,-0.671,-0.549,-164.388,10.833,6.674
0.224,-0.206,-0.924,-0.122,-0.122,-1.343,-164.443,10.844,6.707
0.221,-0.201,-0.927,0.427,-0.916,-1.038,-164.471,10.854,6.768
0.218,-0.213,-0.919,0.305,0.366,-0.671,-164.454,10.871,6.806
0.223,-0.22,-0.918,0.549,0.488,-2.136,-164.454,10.849,6.855
0.221,-0.203,-0.926,-0.977,0.0,-0.916,-164.504,10.827,6.905
0.234,-0.209,-0.929,-0.916,1.099,-0.61,-164.553,10.778,6.938
0.237,-0.198,-0.923,1.038,0.305,0.244,-164.553,10.756,6.916
0.235,-0.214,-0.928,2.502,0.305,-0.671,-164.471,136.873,-1.247
-0.152,-0.163,-0.952,-2.869,-7.446,2.686,-166.141,34.173,12.03
-0.173,-0.182,-0.94,-0.671,-7.568,2.38,-166.229,34.508,12.041
-0.176,-0.158,-0.931,-1.099,-10.803,2.075,-166.36,34.937,11.986
-0.23,-0.194,-0.93,-3.174,-11.597,0.0,-166.41,35.508,12.107
-0.186,-0.155,-0.896,-5.005,-7.507,4.761,-166.685,35.969,12.025
-0.236,-0.191,-0.915,-1.099,-7.874,-0.793,-166.827,36.409,11.964
-0.205,-0.174,-0.894,-2.991,-1.709,2.014,-166.937,36.584,11.942
-0.231,-0.166,-0.927,-0.916,2.197,3.052,-167.058,36.716,11.755
-0.151,-0.185,-0.898,2.38,1.77,5.615,-167.036,36.546,11.47
-0.191,-0.196,-0.924,1.282,-0.854,11.047,-167.031,36.7,11.025
-0.203,-0.191,-0.924,-1.099,-5.981,15.32,-167.102,36.903,10.377
-0.264,-0.16,-1.008,-1.282,0.305,17.7,-167.349,37.26,9.547
-0.21,-0.16,-1.014,0.732,6.836,25.635,-167.574,37.161,8.339
-0.206,-0.171,-1.0,0.916,3.357,23.071,-167.805,37.123,7.026
-0.187,-0.173,-0.977,-2.869,2.197,18.311,-168.08,37.123,6.064
-0.207,-0.138,-0.958,-5.066,-0.732,20.081,-168.514,37.211,5.136
-0.271,-0.116,-0.965,-3.479,0.0,20.874,-168.948,37.397,4.147
-0.295,-0.117,-1.004,-4.089,4.211,24.536,-169.409,37.447,2.955
-0.295,-0.098,-1.104,4.211,24.109,21.606,-169.722,37.002,1.664
-0.113,-0.174,-1.067,10.864,24.536,25.391,-169.579,35.854,0.302
-0.167,-0.166,-1.043,1.343,3.967,36.072,-169.596,35.409,-1.291
-0.182,-0.125,-1.041,5.127,11.658,37.659,-169.827,35.31,-3.071
-0.147,-0.116,-1.008,6.165,10.315,43.03,-169.931,35.008,-5.076
-0.102,-0.093,-1.002,9.644,10.376,42.053,-169.937,34.7,-7.13
-0.12,-0.097,-0.942,14.771,-0.305,35.767,-169.772,34.623,-8.954
-0.222,-0.172,-0.884,15.991,4.333,41.931,-169.321,34.794,-10.591
-0.115,-0.205,-0.878,16.846,19.287,61.401,-169.019,34.525,-13.156
-0.039,-0.232,-0.797,11.536,-1.831,74.707,-168.843,34.563,-16.485
-0.226,-0.186,-0.849,3.662,-10.925,75.806,-169.107,35.552,-19.902
-0.308,-0.183,-0.829,9.094,2.991,66.65,-169.36,36.189,-23.143
-0.326,-0.182,-0.832,13.855,5.493,59.448,-169.354,36.414,-26.169
-0.311,-0.281,-0.923,23.193,19.348,46.936,-168.799,36.365,-28.663
-0.153,-0.332,-0.897,17.029,17.883,57.617,-168.162,35.799,-31.251
-0.233,-0.256,-0.921,6.348,-0.854,59.509,-168.118,36.134,-34.03
-0.312,-0.224,-0.995,8.606,8.606,53.833,-168.14,36.557,-36.486
-0.199,-0.182,-0.938,12.939,3.174,55.603,-168.047,36.623,-39.078
-0.189,-0.153,-0.895,9.583,0.732,54.138,-167.986,37.024,-41.534
-0.291,-0.101,-0.961,4.761,3.479,49.744,-168.135,37.513,-43.835
-0.095,-0.064,-0.888,5.981,6.348,45.898,-168.415,37.452,-46.022
-0.276,-0.029,-0.909,-0.305,-18.799,48.584,-168.849,38.21,-48.065
-0.359,-0.003,-0.983,3.479,3.174,42.48,-169.492,38.996,-50.153
-0.237,-0.036,-0.955,9.094,9.827,40.161,-169.827,38.864,-52.169
-0.239,-0.065,-0.899,8.057,-0.977,38.94,-170.041,38.897,-54.108
-0.348,-0.055,-0.858,4.333,-9.399,38.452,-170.359,39.496,-55.893
-0.398,-0.022,-0.858,3.418,0.0,36.682,-170.793,40.029,-57.667
-0.377,0.005,-0.871,7.751,3.296,34.18,-171.134,40.243,-59.453
-0.353,0.014,-0.912,9.888,12.39,30.762,-171.277,40.177,-61.095
-0.276,0.04,-0.916,14.709,8.972,26.184,-171.238,39.946,-62.606
-0.323,0.039,-0.997,17.273,9.338,24.841,-170.991,39.792,-63.929
-0.336,0.043,-1.005,22.827,14.404,18.066,-170.557,39.452,-65.143
-0.188,-0.132,-1.102,31.616,-7.568,8.118,-169.415,39.38,-65.693
-0.221,-0.323,-0.9,24.475,-18.066,9.583,-168.25,40.342,-65.896
-0.252,-0.405,-0.815,17.7,-17.029,5.615,-167.168,41.067,-65.797
-0.349,-0.423,-0.862,-3.174,0.183,2.319,-166.696,41.611,-65.358
-0.289,-0.305,-0.885,-15.564,17.029,7.629,-167.08,41.166,-65.138
-0.243,-0.196,-0.828,-20.081,18.433,13.062,-167.937,40.419,-65.319
-0.239,-0.106,-0.806,-18.188,10.254,10.864,-168.915,39.831,-65.627
-0.311,-0.131,-0.812,-9.888,5.798,-6.653,-169.508,39.606,-65.446
-0.254,-0.168,-0.76,-11.78,9.888,-24.292,-169.7,39.155,-64.385
-0.184,-0.271,-0.894,-9.155,2.014,-33.813,-169.711,38.727,-62.551
-0.287,-0.269,-0.998,-18.494,-4.272,-19.348,-169.958,38.677,-60.848
-0.382,-0.215,-1.118,-17.456,-11.536,-17.517,-170.442,39.144,-59.59
-0.297,-0.083,-1.069,-11.963,-10.193,-25.085,-170.7,39.479,-58.162
-0.134,-0.002,-1.065,-9.277,-10.315,-30.884,-170.574,39.886,-56.354
-0.086,0.183,-0.969,-15.198,-22.766,-27.588,-170.909,40.43,-54.668
-0.237,0.232,-0.922,-9.338,-27.771,-34.058,-171.288,41.495,-53.009
-0.308,0.126,-0.903,6.287,-7.141,-55.969,-170.903,41.907,-50.746
-0.28,-0.017,-0.859,10.803,0.793,-57.312,-169.92,41.539,-48.043
-0.313,-0.163,-0.825,9.705,2.991,-35.278,-168.92,41.122,-45.873
-0.319,-0.175,-0.747,-3.601,1.221,-7.812,-168.629,40.957,-44.945
-0.269,-0.023,-0.732,-15.747,6.165,13.428,-169.272,40.902,-45.22
-0.178,0.089,-0.81,-9.827,7.324,20.386,-170.376,40.704,-46.302
-0.337,0.108,-1.093,0.244,9.277,21.179,-171.118,40.545,-47.549
-0.259,-0.033,-1.259,20.569,-3.723,23.743,-171.183,40.391,-48.884
-0.443,-0.348,-1.219,16.968,-10.01,47.852,-170.733,41.314,-50.609
-0.192,-0.392,-1.047,13.977,22.034,47.058,-170.662,41.188,-53.174
-0.079,-0.449,-0.898,8.24,8.179,12.512,-170.447,40.496,-54.404
-0.154,-0.38,-0.879,-20.996,0.0,16.968,-170.607,40.342,-54.382
-0.183,-0.128,-0.859,-28.687,-0.427,34.79,-172.024,40.419,-55.272
-0.234,-0.014,-0.772,-15.869,-6.653,29.541,-173.276,40.611,-56.431
-0.357,-0.05,-0.716,-5.249,-17.7,21.79,-173.881,41.358,-57.277
-0.426,-0.118,-0.705,-0.244,-10.071,26.672,-174.177,42.188,-58.222
-0.394,-0.146,-0.728,1.526,8.85,24.536,-174.413,42.435,-59.409
-0.354,-0.168,-0.927,2.686,14.343,9.033,-174.348,41.962,-60.04
-0.366,-0.127,-1.048,0.488,11.597,-6.775,-174.128,41.561,-59.799
-0.357,-0.048,-1.133,-7.996,1.709,-20.691,-173.76,41.325,-58.788
-0.084,0.031,-1.062,-14.16,34.973,-35.278,-173.804,40.501,-57.162
0.106,0.196,-1.02,-35.583,19.409,-7.446,-174.781,38.776,-55.915
0.003,0.379,-1.035,-19.47,-4.211,-10.315,-176.407,38.298,-55.629
-0.166,0.263,-0.969,23.621,-4.089,-40.833,-176.336,38.238,-54.421
-0.21,0.025,-0.865,37.659,0.61,-38.452,-174.573,38.062,-52.553
-0.227,-0.085,-0.777,30.945,0.854,-13.062,-172.831,37.798,-51.411
-0.191,-0.08,-0.726,20.874,1.465,3.296,-171.782,37.7,-51.416
-0.085,-0.051,-0.661,10.193,7.996,5.249,-171.249,37.496,-51.729
-0.091,0.043,-0.909,2.563,-0.549,14.526,-171.211,37.244,-52.174
-0.165,-0.018,-1.01,17.822,-16.541,24.231,-171.107,37.793,-53.212
-0.628,-0.182,-1.501,15.015,-35.461,25.94,-170.618,39.172,-54.245
-0.455,-0.265,-1.105,20.264,5.615,26.55,-170.491,40.27,-55.646
-0.127,-0.385,-0.984,40.894,24.719,18.372,-169.014,39.194,-56.739
-0.109,-0.614,-0.94,32.166,-3.174,13.489,-167.119,39.023,-57.156
-0.159,-0.522,-0.867,-17.212,-1.465,24.841,-166.915,39.282,-57.541
-0.208,-0.253,-0.847,-37.415,-5.493,23.804,-168.36,39.677,-58.107
-0.248,-0.058,-0.771,-36.804,-8.728,13.916,-170.134,40.04,-58.436
-0.33,-0.032,-0.73,-19.714,-12.756,-8.606,-171.376,40.649,-58.151
-0.284,-0.151,-0.674,-8.057,-1.526,-19.47,-171.552,40.957,-57.047
-0.307,-0.213,-0.782,-9.399,-8.606,-22.339,-171.519,41.133,-55.805
-0.438,-0.244,-0.965,-15.381,-14.099,-29.175,-171.497,41.699,-54.157
-0.504,-0.15,-1.155,-23.254,-12.146,-27.527,-171.804,42.435,-52.482
-0.5,-0.001,-1.237,-17.456,-3.357,-43.579,-172.106,42.907,-50.609
-0.14,0.008,-1.046,-10.376,28.809,-50.964,-171.788,42.067,-47.994
0.027,0.121,-0.958,-31.799,0.854,-5.859,-172.557,41.028,-46.747
-0.204,0.275,-1.01,-22.583,-14.221,-7.751,-174.21,41.523,-46.763
-0.274,0.178,-0.932,10.925,10.315,-44.495,-174.144,41.237,-45.434
-0.259,-0.0,-0.824,23.315,7.568,-39.612,-172.864,40.529,-43.588
-0.344,-0.111,-0.748,20.447,8.484,-24.292,-171.59,40.089,-42.407
-0.332,-0.132,-0.705,11.108,25.818,-17.517,-170.76,39.199,-41.792
-0.089,-0.056,-0.697,-0.61,33.813,-9.338,-170.552,37.639,-41.539
-0.094,0.03,-0.892,-2.808,10.925,2.075,-170.771,36.694,-41.66
-0.316,0.026,-1.095,9.827,-9.399,20.325,-170.887,36.76,-42.369
-0.475,-0.202,-1.449,17.334,-1.404,44.006,-170.717,37.288,-44.099
-0.156,-0.332,-1.046,15.503,24.414,77.393,-170.799,37.293,-47.422
-0.004,-0.252,-0.988,18.066,19.104,72.144,-170.662,36.447,-51.361
-0.079,-0.399,-1.02,27.832,1.587,31.006,-169.755,36.337,-53.58
-0.165,-0.312,-0.947,2.258,6.775,28.198,-169.151,36.189,-54.481
-0.206,-0.192,-0.896,-3.235,11.963,25.208,-169.261,35.887,-55.503
-0.171,-0.126,-0.824,-10.559,12.207,16.418,-169.574,35.31,-56.228
-0.181,-0.073,-0.741,-9.949,-5.188,5.005,-170.134,35.239,-56.569
-0.234,-0.139,-0.707,-4.883,-5.066,-12.878,-170.31,35.541,-56.041
-0.169,-0.22,-0.767,-1.77,-0.61,-17.578,-170.211,35.546,-55.047
-0.312,-0.226,-0.98,-10.559,-9.033,-20.874,-170.178,35.81,-53.855
-0.434,-0.17,-1.065,-14.465,-1.465,-30.212,-170.442,36.052,-52.366
-0.409,0.017,-1.075,-14.709,23.193,-31.494,-170.777,35.469,-50.883
0.005,0.017,-1.021,8.911,56.641,-43.274,-170.557,33.217,-49.318
0.271,-0.01,-1.017,-10.315,30.273,-13.855,-170.491,30.872,-48.274
0.155,0.158,-1.052,-14.771,-4.272,0.549,-171.425,30.388,-48.214
-0.008,0.051,-1.019,11.719,-10.193,-31.738,-171.617,30.438,-47.346
-0.048,-0.138,-0.93,10.437,-9.644,-23.254,-171.068,30.547,-45.736
-0.144,-0.086,-0.849,-1.892,-14.282,5.554,-170.947,30.921,-45.231
-0.186,-0.021,-0.756,-0.305,-9.033,2.563,-171.178,31.492,-45.456
-0.136,-0.004,-0.746,-0.671,0.183,2.747,-171.299,31.723,-45.577
-0.092,0.042,-0.885,0.854,-1.099,13.489,-171.491,31.701,-46.093
-0.218,0.065,-1.144,5.737,2.197,21.606,-171.727,31.921,-47.23
-0.132,-0.021,-1.344,19.653,8.911,17.273,-171.458,31.602,-48.483
-0.06,-0.192,-1.212,24.658,4.822,20.264,-170.722,31.608,-49.592
0.155,-0.279,-0.987,28.625,-2.014,28.809,-169.503,31.454,-50.757
-0.12,-0.374,-0.833,28.32,-52.246,26.611,-168.124,33.063,-51.575
-0.391,-0.355,-0.868,8.972,-42.542,30.579,-167.256,35.75,-52.169
-0.394,-0.261,-0.814,7.446,12.695,18.066,-167.014,36.524,-53.097
-0.15,-0.342,-0.779,-2.563,32.288,-1.099,-166.657,35.2,-53.383
-0.197,-0.203,-0.771,-24.414,0.061,-1.221,-167.344,34.623,-53.179
-0.304,-0.182,-0.833,-14.832,3.845,-5.92,-168.113,34.838,-52.789
-0.162,-0.267,-0.809,-10.864,14.893,-7.385,-168.349,34.294,-52.333
-0.241,-0.21,-0.908,-15.564,-17.395,6.714,-168.843,34.459,-52.185
-0.427,-0.219,-1.085,-8.423,-6.653,0.916,-169.261,35.398,-52.158
-0.36,-0.166,-1.218,-5.676,6.653,-11.475,-169.404,35.376,-51.888
-0.062,-0.118,-1.04,-4.028,18.433,-31.86,-169.409,34.799,-50.834
0.142,-0.015,-1.036,-22.461,7.568,-12.024,-169.832,33.657,-49.598
-0.018,0.163,-1.054,-28.076,-5.066,23.926,-171.414,33.75,-49.944
-0.02,0.196,-1.021,5.005,11.658,2.502,-172.419,33.404,-50.894
-0.001,-0.062,-0.881,21.667,4.15,-25.818,-171.766,32.728,-50.372
-0.092,-0.16,-0.825,14.038,-9.155,-23.193,-170.848,32.514,-49.076
-0.243,-0.125,-0.825,0.732,-14.709,-0.305,-170.618,33.052,-48.532
-0.219,-0.087,-0.867,5.249,9.644,-2.014,-170.552,33.129,-48.609
0.002,-0.104,-0.815,0.122,10.193,-4.761,-170.349,32.476,-48.466
-0.064,-0.001,-0.919,-14.099,-19.47,7.324,-170.832,32.772,-48.461
-0.324,0.109,-1.025,-10.254,-20.935,15.259,-171.722,33.926,-49.098
-0.542,0.015,-1.356,15.93,-15.991,6.042,-171.716,34.86,-49.763
-0.313,-0.153,-1.035,26.245,16.907,8.179,-171.041,34.986,-50.521
-0.083,-0.334,-1.004,44.922,25.696,5.066,-169.255,33.915,-51.13
-0.05,-0.505,-0.943,23.987,12.939,26.733,-167.498,33.283,-51.921
-0.085,-0.348,-0.91,-3.906,14.282,40.283,-167.184,32.932,-53.503
-0.05,-0.23,-0.87,-7.385,14.343,34.241,-167.569,32.509,-55.151
-0.109,-0.19,-0.827,-9.216,-1.221,24.048,-167.964,32.344,-56.294
-0.223,-0.146,-0.839,-6.409,-0.305,11.536,-168.344,32.629,-56.865
-0.058,-0.192,-0.743,4.944,3.479,4.15,-168.25,32.525,-57.025
-0.181,-0.313,-0.879,6.47,-15.381,-2.625,-167.772,32.871,-56.838
-0.252,-0.342,-0.991,-9.46,-4.456,-13.977,-167.542,33.333,-56.058
-0.321,-0.252,-1.333,-16.174,-7.874,-21.301,-167.904,33.525,-54.904
-0.15,-0.141,-1.125,-11.292,11.475,-34.18,-168.431,33.464,-53.448
0.116,-0.019,-1.016,-23.254,7.08,-17.517,-168.92,32.432,-52.108
-0.076,0.147,-1.066,-22.522,-12.207,8.118,-170.321,32.811,-52.119
-0.086,0.093,-1.002,15.076,7.263,-16.785,-170.497,32.607,-52.037
-0.033,-0.091,-0.879,21.484,-0.244,-18.738,-169.596,32.184,-51.301
-0.144,-0.171,-0.823,13.306,-11.78,-10.742,-168.766,32.393,-50.652
-0.175,-0.123,-0.821,-2.136,-2.747,-2.93,-168.673,32.646,-50.427
-0.095,-0.052,-0.797,-0.366,-5.371,-7.507,-168.81,32.728,-50.219
-0.12,-0.061,-0.864,0.0,-10.071,5.615,-168.827,33.162,-50.125
-0.226,-0.003,-1.134,1.892,-1.038,21.057,-169.052,33.459,-50.922
-0.181,-0.06,-1.157,15.198,-11.169,16.724,-169.063,33.81,-52.152
-0.396,-0.264,-1.088,9.216,-16.663,17.151,-168.508,34.964,-52.927
-0.17,-0.311,-1.022,14.282,10.559,15.747,-168.124,35.14,-53.882
-0.163,-0.357,-0.871,13.367,-1.831,4.15,-167.487,35.09,-54.393
-0.165,-0.371,-0.886,-1.038,11.475,6.226,-166.948,34.904,-54.393
-0.124,-0.206,-0.886,-14.832,14.893,21.484,-167.349,34.387,-55.025
-0.067,-0.123,-0.824,-6.531,5.371,17.334,-167.888,33.981,-55.926
-0.228,-0.182,-0.803,-0.793,-12.756,6.348,-167.964,34.426,-56.25
-0.272,-0.212,-0.816,0.793,3.235,-5.859,-167.871,34.662,-56.096
-0.078,-0.301,-0.743,-0.854,3.723,-12.878,-167.58,34.387,-55.475
-0.197,-0.309,-0.982,-8.85,-11.292,-14.282,-167.536,34.607,-54.608
-0.229,-0.288,-1.014,-15.625,-5.371,-23.01,-167.767,34.821,-53.361
-0.33,-0.174,-1.37,-23.01,-12.024,-23.315,-168.365,35.107,-52.009
-0.11,0.066,-1.096,-14.099,0.061,-35.645,-169.239,35.283,-50.62
-0.175,0.033,-0.938,-8.118,-11.902,-15.503,-169.162,35.145,-49.081
-0.191,0.086,-1.0,-3.296,8.545,10.01,-169.816,35.343,-49.427
-0.12,-0.058,-0.939,18.982,19.714,-11.414,-169.618,34.547,-49.911
-0.035,-0.228,-0.869,14.343,11.902,-16.785,-168.755,33.569,-49.493
-0.187,-0.228,-0.873,-5.127,-5.31,-7.446,-168.514,33.344,-49.016
-0.155,-0.117,-0.868,-12.878,5.92,-7.202,-168.981,33.228,-48.697
-0.074,-0.025,-0.788,-17.578,-3.967,-1.16,-169.667,33.162,-48.549
-0.082,0.071,-0.901,-19.775,-11.78,7.263,-170.706,33.475,-48.768
-0.177,0.319,-1.173,-13.794,-8.423,-1.404,-171.777,34.025,-49.235
-0.255,0.213,-1.235,29.236,-22.522,-21.362,-171.595,34.7,-48.823
-0.379,-0.328,-1.028,10.864,0.061,-10.559,-170.832,35.574,-48.439
0.028,-0.22,-0.916,8.972,13.611,-5.188,-170.491,34.761,-48.565
-0.256,-0.383,-0.951,-3.662,3.296,-37.537,-169.882,34.645,-47.384
-0.144,-0.291,-1.078,-18.86,37.231,-27.161,-169.948,33.437,-45.505
0.0,-0.035,-0.937,-13.123,25.085,-17.944,-170.579,31.465,-44.731
-0.087,-0.148,-0.907,-22.827,12.451,-14.221,-171.244,30.635,-43.978
-0.187,-0.028,-0.848,-10.742,10.376,-26.001,-172.04,29.987,-43.044
-0.098,-0.155,-0.822,-2.014,13.062,-29.602,-172.068,29.41,-41.896
-0.021,-0.092,-0.721,7.202,8.728,-41.382,-171.848,28.691,-40.259
0.011,-0.259,-1.002,5.066,-0.366,-36.377,-171.222,28.273,-38.375
-0.104,-0.193,-0.973,-10.315,-16.907,-7.263,-171.277,28.504,-37.216
-0.314,-0.136,-1.223,-14.343,0.427,-13.794,-171.524,29.251,-36.711
0.128,-0.075,-1.082,-11.108,7.019,-29.114,-171.722,28.592,-35.618
-0.001,0.17,-1.048,-37.354,-14.099,-16.296,-172.985,28.883,-34.612
-0.076,0.275,-0.992,-31.067,-1.831,-23.682,-174.919,29.229,-33.882
-0.025,0.098,-0.946,-4.578,2.014,-33.386,-175.891,29.004,-32.734
-0.055,-0.066,-0.893,1.221,-11.597,-27.893,-175.853,29.202,-31.443
-0.232,-0.009,-0.885,-10.559,-13.916,-17.395,-176.111,29.888,-30.52
-0.204,0.037,-0.818,-13.855,-2.441,-19.653,-176.748,30.245,-29.993
-0.11,0.176,-0.759,-9.033,-1.892,-28.503,-177.308,30.471,-29.103
-0.198,0.168,-0.923,5.554,-6.47,-28.625,-177.259,30.828,-28.07
-0.179,0.066,-1.03,-1.16,-9.705,-31.616,-177.286,31.273,-27.235
-0.352,0.057,-1.32,5.859,-15.503,-28.259,-177.16,32.014,-26.12
-0.236,-0.11,-1.134,9.949,9.766,-15.198,-176.715,32.459,-25.615
0.117,-0.132,-0.923,11.536,18.738,-10.071,-176.259,31.476,-25.378
0.027,-0.268,-1.041,2.319,3.235,-9.033,-175.534,31.025,-24.895
0.088,-0.023,-1.032,-21.301,11.902,0.183,-176.116,30.443,-24.752
0.03,-0.03,-0.922,-3.113,-8.179,-3.845,-176.517,30.163,-24.461
-0.107,-0.043,-0.852,-5.31,-17.09,3.357,-176.627,30.635,-24.34
-0.232,-0.079,-0.824,1.282,-9.644,0.183,-176.644,31.311,-24.428
-0.096,-0.089,-0.746,2.747,9.155,-6.042,-176.429,31.223,-24.423
-0.048,-0.158,-0.891,-1.587,4.883,-13.428,-176.149,30.839,-23.994
-0.015,-0.079,-1.064,-11.78,-4.456,-23.926,-176.336,30.712,-23.165
-0.223,-0.106,-1.275,-4.028,-33.936,-40.71,-176.292,31.794,-21.396
-0.349,-0.096,-1.201,-16.541,-4.211,-48.401,-176.221,33.003,-19.116
0.091,0.256,-0.99,-21.851,6.104,-35.889,-177.089,32.426,-17.38
-0.163,0.186,-0.956,-16.174,-44.922,-30.823,-177.676,33.745,-15.897
-0.384,0.189,-1.011,-19.897,-12.146,-36.926,-178.588,35.206,-14.546
-0.213,0.204,-0.927,-2.625,13.245,-33.813,-178.956,34.98,-13.189
-0.157,0.018,-0.846,5.859,4.272,-23.254,-178.709,34.656,-12.376
-0.208,-0.072,-0.755,-12.329,-4.7,-26.062,-178.748,34.854,-11.541
-0.21,0.131,-0.691,-22.583,-8.484,-43.823,-179.648,35.299,-10.228
-0.213,0.261,-0.737,-14.282,-12.634,-54.993,179.802,36.008,-8.207
-0.461,0.315,-1.021,-9.46,-15.259,-63.049,179.692,37.123,-5.856
-0.45,0.19,-1.146,15.503,-8.789,-73.975,-179.687,38.112,-3.148
-0.45,-0.088,-1.16,28.503,-1.526,-44.739,-177.951,38.809,-0.818
-0.093,-0.135,-1.018,17.029,26.855,-13.977,-176.567,38.232,-0.005
-0.067,-0.203,-1.058,16.296,20.203,-14.771,-175.54,37.205,0.225
0.086,-0.106,-1.08,3.235,32.043,-16.724,-174.941,35.585,0.873
0.105,-0.124,-0.989,-1.831,0.854,2.502,-174.743,34.568,1.302
-0.086,-0.057,-0.868,-11.536,-18.799,15.686,-175.182,34.975,0.807
-0.22,-0.056,-0.782,-1.587,-18.616,2.075,-175.49,35.771,0.489
-0.194,-0.139,-0.746,2.258,-4.761,-7.385,-175.248,36.172,0.687
-0.06,-0.18,-0.717,-3.357,-2.319,-7.874,-175.023,36.194,1.005
-0.012,-0.136,-0.924,-11.108,-9.888,-4.333,-175.232,36.332,1.247
-0.181,-0.063,-1.065,-17.517,-17.456,-18.005,-175.633,36.881,1.901
-0.376,0.085,-1.415,-4.15,-16.235,-43.64,-175.748,37.513,3.532
-0.207,-0.035,-1.034,0.183,22.278,-54.016,-174.771,37.513,6.306
-0.131,0.068,-0.875,-2.258,-33.569,-13.306,-174.501,37.447,7.685
-0.478,0.105,-0.937,-31.006,-44.495,-1.343,-175.435,39.716,7.707
-0.505,0.267,-0.954,-28.503,0.854,-19.165,-177.127,40.814,7.756
-0.279,0.104,-0.918,11.169,16.724,-26.794,-177.33,40.441,8.492
-0.174,-0.101,-0.805,19.47,7.935,-3.479,-176.451,39.853,8.784
-0.224,-0.133,-0.692,3.357,-5.005,21.912,-176.034,39.935,7.916
-0.253,-0.039,-0.654,0.61,-5.493,21.484,-176.331,40.287,6.367
-0.3,0.045,-0.719,-3.723,-3.601,12.817,-176.567,40.573,5.18
-0.518,0.081,-0.971,1.465,-7.507,1.343,-176.765,41.083,4.417
-0.457,-0.039,-1.042,20.386,1.404,-0.916,-176.061,41.385,4.026
-0.605,-0.118,-1.326,24.597,-7.324,15.259,-175.073,41.797,3.06
-0.194,-0.102,-0.964,21.545,19.592,28.503,-174.227,41.633,1.516
-0.131,-0.159,-1.081,32.471,20.203,35.522,-173.309,40.924,-0.494
0.039,-0.229,-1.151,25.33,42.48,59.021,-172.452,39.205,-3.071
0.129,-0.145,-1.089,5.737,10.681,102.051,-172.711,38.112,-7.284
-0.063,0.002,-0.927,5.127,-16.663,103.394,-173.749,38.568,-12.365
-0.226,-0.067,-0.783,18.005,-26.123,64.88,-174.084,39.6,-16.111
-0.228,-0.151,-0.703,16.907,-22.644,47.668,-173.87,40.792,-18.616
-0.175,-0.161,-0.627,14.16,-19.714,40.71,-173.6,41.797,-20.555
-0.221,-0.221,-0.799,11.047,-20.264,45.044,-173.408,42.759,-22.462
-0.325,-0.222,-1.026,3.357,-19.348,40.161,-173.644,43.775,-24.505
-0.368,-0.184,-1.095,-10.437,-26.367,38.879,-174.034,44.951,-26.038
-0.469,0.023,-1.024,-1.648,-29.907,35.706,-174.886,46.45,-27.872
-0.276,0.295,-0.96,0.793,-18.738,60.242,-175.792,47.428,-30.146
-0.479,0.473,-0.941,18.921,-55.542,103.21,-177.204,49.142,-34.547
-0.751,0.383,-0.957,44.922,-35.645,135.681,-179.154,51.531,-42.006
-0.653,0.194,-0.803,86.975,16.357,121.521,-179.236,51.526,-49.757
-0.419,0.0,-0.671,89.233,15.747,114.075,-177.918,50.609,-56.569
-0.402,-0.037,-0.575,70.251,-9.216,113.342,-177.083,50.795,-63.122
-0.437,0.05,-0.557,55.969,-14.404,97.412,-176.874,51.746,-69.033
-0.429,0.072,-0.553,54.81,-6.226,80.078,-176.556,52.564,-73.894
-0.562,0.164,-0.807,49.744,3.479,90.332,-176.506,52.828,-78.701
-0.625,0.134,-0.944,71.655,15.015,93.689,-176.232,52.652,-84.084
-0.713,-0.05,-1.108,81.177,-5.798,111.633,-175.166,52.394,-89.813
-0.574,-0.283,-1.006,86.975,3.662,119.019,-174.463,52.965,-96.213
-0.537,-0.368,-0.883,85.571,5.127,107.117,-173.287,52.987,-102.277
-0.617,-0.498,-0.769,76.355,-16.663,82.153,-171.453,53.882,-106.727
-0.728,-0.478,-0.739,40.649,-4.333,70.923,-170.272,55.217,-109.957
-0.579,-0.309,-0.665,17.639,33.325,54.504,-170.447,55.168,-112.61
-0.411,-0.223,-0.583,9.399,33.63,36.255,-170.766,53.926,-114.291
-0.379,-0.251,-0.57,2.075,17.334,28.442,-171.008,53.223,-115.093
-0.357,-0.167,-0.556,-2.136,11.719,47.852,-171.766,52.993,-116.307
-0.533,-0.241,-0.855,8.789,10.132,31.433,-172.194,52.965,-117.609
-0.581,-0.262,-0.899,-5.066,-1.587,15.015,-172.403,52.91,-117.883
-0.778,-0.241,-1.159,-16.846,-19.592,-8.24,-172.727,53.893,-117.015
-0.552,-0.045,-0.973,-31.433,12.146,-26.001,-173.419,54.245,-115.203
-0.319,0.076,-0.928,-36.987,31.067,-22.644,-173.947,52.674,-113.099
-0.372,0.25,-1.108,-40.405,30.151,-7.69,-175.831,51.328,-112.275
-0.24,0.319,-1.08,6.104,46.082,-22.278,-176.484,49.054,-111.522
-0.159,0.031,-0.828,31.189,24.475,-13.306,-175.073,47.148,-110.709
-0.266,-0.053,-0.634,15.442,-13.977,14.282,-174.216,46.868,-111.061
-0.397,0.029,-0.565,7.507,-21.973,14.648,-174.254,47.845,-111.896
-0.439,0.079,-0.609,13.367,0.305,1.099,-174.1,48.499,-112.258
-0.479,0.072,-0.793,14.587,28.809,-16.968,-173.353,47.911,-111.791
-0.453,0.058,-1.152,15.015,46.753,-1.953,-172.782,46.038,-111.292
-0.406,-0.184,-1.596,37.109,48.584,27.71,-172.128,43.693,-112.247
-0.093,-0.342,-1.01,25.269,24.292,45.959,-171.634,42.127,-114.395
-0.219,-0.309,-0.996,20.813,-6.226,30.212,-171.019,41.885,-116.208
-0.342,-0.455,-1.119,36.011,8.728,-2.319,-169.349,42.006,-116.125
-0.168,-0.492,-0.943,16.479,19.592,16.418,-167.877,40.924,-115.944
-0.162,-0.309,-0.74,-21.729,-11.536,30.09,-168.333,41.094,-116.587
-0.283,-0.125,-0.637,-32.471,-24.475,2.869,-169.618,42.166,-116.395
-0.382,-0.105,-0.522,-31.799,-27.649,-23.987,-170.607,43.473,-114.785
-0.412,-0.069,-0.564,-33.02,-7.629,-23.438,-171.475,44.346,-112.681
-0.444,-0.085,-0.828,2.808,13.916,3.174,-171.914,44.264,-111.775
-0.445,-0.256,-1.013,17.761,25.452,29.541,-171.491,43.418,-112.709
-0.378,-0.275,-1.128,-7.08,23.621,7.751,-171.458,42.643,-113.346
-0.029,-0.053,-1.061,-38.696,34.729,-43.457,-172.326,41.248,-111.89
0.122,0.134,-1.064,-69.275,10.132,-43.701,-174.084,39.639,-109.215
-0.153,0.411,-1.215,-59.326,-9.399,-25.33,-177.231,39.54,-107.737
-0.277,0.355,-1.118,0.244,12.268,-47.729,-178.462,39.216,-106.287
-0.216,0.104,-0.901,19.958,17.029,-42.48,-177.523,38.386,-104.304
-0.139,0.001,-0.734,21.423,13.733,-21.179,-176.364,37.491,-103.074
-0.023,-0.023,-0.601,11.597,1.404,-4.7,-175.622,37.013,-102.75
0.029,0.044,-0.541,1.16,-16.357,-3.723,-175.479,37.244,-102.854
-0.157,0.186,-0.88,-14.221,-35.706,9.888,-176.089,38.447,-103.217
-0.436,0.292,-1.041,13.367,-31.311,13.794,-176.622,40.177,-104.354
-0.549,0.039,-1.311,45.715,-18.738,18.066,-175.369,41.281,-105.364
-0.376,-0.344,-0.975,37.72,-6.775,56.335,-174.051,42.231,-107.529
-0.309,-0.275,-1.035,12.939,3.296,78.369,-173.958,42.369,-111.138
-0.354,-0.3,-1.199,38.757,20.447,33.447,-173.21,42.094,-113.478
-0.161,-0.419,-0.972,26.855,36.499,28.076,-171.694,40.529,-114.417
-0.058,-0.29,-0.848,-9.033,14.587,50.598,-171.744,39.496,-116.093
-0.165,-0.051,-0.723,-25.696,-3.174,36.743,-173.09,39.512,-117.834
-0.221,0.012,-0.628,-16.907,-8.057,11.78,-174.26,39.809,-118.553
-0.202,-0.045,-0.631,-7.69,-3.967,-2.258,-174.694,40.133,-118.334
-0.235,-0.114,-0.765,-7.202,-13.306,-3.296,-174.836,40.441,-117.85
-0.398,-0.122,-0.979,-11.353,-16.541,-2.319,-175.172,41.353,-117.35
-0.506,-0.095,-1.164,-1.343,-19.592,-10.681,-175.117,42.292,-116.614
-0.433,-0.01,-1.095,1.099,0.854,-8.179,-174.743,43.033,-115.741
-0.061,0.034,-1.265,1.77,39.185,5.493,-174.353,41.918,-115.428
0.103,0.198,-1.186,-18.25,8.179,33.63,-175.375,40.501,-116.763
-0.13,0.26,-1.069,5.188,-28.381,3.357,-176.188,41.039,-118.163
-0.352,0.063,-0.967,17.334,-18.188,-18.433,-175.474,42.05,-117.889
-0.322,-0.013,-0.774,13.0,1.282,-6.775,-174.76,42.155,-117.587
-0.216,-0.011,-0.665,2.747,6.897,5.798,-174.617,41.83,-117.806
-0.109,0.082,-0.574,3.113,-2.38,15.503,-174.88,41.677,-118.575
-0.141,0.117,-0.632,15.503,-19.897,19.592,-174.897,42.259,-119.74
-0.416,0.086,-1.039,21.606,-17.273,22.705,-174.529,43.264,-121.113
-0.454,0.025,-1.083,20.569,-9.583,18.433,-174.089,43.885,-122.355
-0.548,-0.116,-1.046,4.7,-17.029,19.104,-173.721,44.753,-123.168
-0.312,-0.335,-1.08,3.723,5.127,17.273,-173.848,45.077,-123.964
-0.275,-0.325,-0.909,-5.615,-18.127,2.991,-174.106,45.192,-124.288
-0.482,-0.306,-0.922,-16.785,-21.851,-4.822,-174.271,46.445,-123.404
-0.414,-0.153,-0.864,-16.052,11.536,24.597,-174.941,46.697,-123.173
-0.286,-0.063,-0.736,-13.794,5.371,41.077,-176.1,46.318,-124.53
-0.319,0.015,-0.674,-10.01,-6.531,19.897,-177.1,46.445,-125.76
-0.408,-0.008,-0.622,-0.427,-12.085,-10.681,-177.264,47.06,-125.601
-0.416,-0.034,-0.616,1.404,2.563,-45.044,-176.578,47.45,-123.838
-0.432,-0.192,-0.859,11.658,7.08,-64.575,-174.853,47.252,-120.223
-0.472,-0.271,-1.068,10.559,14.343,-30.884,-173.134,46.703,-117.378
-0.463,-0.218,-1.412,8.667,4.395,-15.259,-172.255,46.203,-116.082
-0.265,-0.141,-1.071,2.808,-3.723,-34.241,-171.425,46.313,-114.461
-0.256,0.019,-1.057,-39.368,3.174,-6.531,-171.854,45.884,-113.104
-0.279,0.366,-1.089,-48.035,-3.357,24.17,-174.82,45.934,-114.137
-0.233,0.395,-1.039,13.611,14.282,-16.724,-175.913,45.313,-114.802
-0.237,0.014,-0.849,37.903,1.099,-34.363,-174.018,44.791,-113.708
-0.348,-0.094,-0.737,21.545,-6.836,-12.268,-172.463,44.841,-112.967
-0.329,-0.081,-0.671,8.24,6.165,1.343,-171.87,44.863,-112.939
-0.182,0.002,-0.598,2.563,10.559,8.179,-171.903,44.418,-113.406
-0.153,0.062,-0.687,3.479,-10.193,5.798,-172.068,44.308,-113.972
-0.51,0.069,-1.021,2.38,-32.959,3.54,-172.15,45.483,-114.313
-0.661,0.072,-1.072,11.23,-20.752,1.038,-172.178,46.928,-114.565
-0.679,-0.082,-1.038,19.531,-6.836,2.991,-171.486,47.818,-114.675
-0.355,-0.25,-0.97,31.006,28.931,12.085,-170.552,47.411,-115.153
-0.193,-0.383,-0.894,49.255,23.071,-3.113,-168.827,46.154,-115.565
-0.241,-0.604,-1.031,28.076,31.799,-10.925,-166.426,44.747,-114.829
-0.137,-0.401,-0.965,-15.259,23.926,19.653,-166.366,43.22,-114.922
-0.186,-0.204,-0.856,-23.499,-0.61,22.217,-167.569,42.957,-115.703
-0.276,-0.146,-0.712,-20.386,-14.832,-1.831,-168.481,43.352,-115.609
-0.354,-0.179,-0.625,-21.423,-15.076,-19.836,-168.981,44.044,-114.368
-0.28,-0.201,-0.544,-22.583,0.61,-21.79,-169.448,44.193,-112.747
-0.231,-0.248,-0.802,-19.165,-4.211,-18.555,-169.832,44.127,-111.27
-0.448,-0.27,-0.997,-24.597,-19.165,-24.841,-170.2,44.67,-109.578
-0.644,-0.209,-1.402,-26.672,-17.273,-23.376,-170.744,45.549,-107.682
-0.463,-0.087,-1.109,-26.855,-6.409,-32.654,-171.469,46.258,-105.974
-0.183,0.056,-0.988,-52.185,14.587,-20.203,-172.738,45.593,-104.392
-0.205,0.356,-0.977,-74.036,-26.917,6.226,-175.935,45.786,-104.227
-0.451,0.457,-1.03,-27.161,-27.588,-10.254,-178.984,47.269,-104.766
-0.529,0.226,-0.875,14.832,-3.235,-13.794,-179.039,47.95,-104.595
-0.368,0.121,-0.749,15.015,11.353,-8.118,-178.451,47.736,-104.694
-0.296,0.046,-0.619,9.399,6.226,-20.142,-177.83,47.346,-104.453
-0.217,0.063,-0.502,-9.521,-1.526,-38.208,-177.534,47.307,-103.222
-0.367,0.167,-0.704,-10.803,-24.963,-43.579,-177.479,48.104,-101.31
-0.628,0.09,-0.99,2.441,-25.33,-40.527,-176.984,49.57,-99.459
-0.895,-0.025,-1.453,4.7,-13.062,-32.471,-176.254,50.532,-97.916
-0.571,-0.22,-1.098,-9.399,4.211,-22.705,-175.77,51.059,-96.515
-0.257,-0.159,-1.086,-19.958,19.531,-8.728,-176.331,50.175,-95.96
-0.303,-0.266,-1.104,-16.663,13.245,-45.532,-176.413,49.444,-94.274
-0.287,-0.192,-0.952,-48.279,21.729,-36.499,-176.825,48.263,-91.516
-0.257,0.136,-0.783,-48.645,1.709,0.977,-178.967,47.505,-90.555
-0.335,0.17,-0.697,-12.024,-10.254,-3.906,179.583,47.626,-90.571
-0.358,0.003,-0.621,4.395,-15.503,-6.042,179.703,48.219,-90.39
-0.393,-0.084,-0.607,2.319,-11.169,-3.906,179.956,48.999,-90.352
-0.359,-0.12,-0.842,-3.418,12.695,-14.221,-179.747,49.005,-89.824
-0.355,-0.125,-1.081,-9.033,8.606,-23.376,-179.434,48.428,-88.627
-0.432,-0.057,-1.148,-11.597,-3.54,-25.146,-179.214,48.389,-87.072
-0.534,0.103,-1.078,0.732,-8.728,-34.119,-178.665,48.752,-85.446
-0.275,0.173,-1.055,-10.803,9.766,-16.479,-178.083,48.45,-83.875
-0.386,0.299,-0.869,-25.208,-41.748,15.564,-179.176,49.373,-84.276
-0.655,0.36,-0.97,-21.057,-24.841,24.17,178.561,51.196,-86.259
-0.53,0.271,-0.822,10.01,21.057,-4.883,178.066,50.878,-87.149
-0.294,0.083,-0.698,19.104,12.756,-10.437,178.863,50.07,-87.056
-0.339,0.002,-0.615,19.836,-9.705,-5.188,179.835,50.235,-87.122
-0.368,-0.009,-0.569,16.541,-12.146,5.981,-179.517,50.889,-87.506
-0.422,0.096,-0.609,13.611,-8.301,28.32,-179.363,51.465,-88.824
-0.59,0.176,-0.867,15.442,-2.686,39.612,-179.637,51.839,-91.077
-0.619,0.187,-1.003,25.513,-3.479,31.555,-179.94,51.987,-93.543
-0.623,0.053,-0.854,30.334,-17.944,23.193,-179.313,52.707,-95.317
-0.537,-0.124,-1.105,27.649,16.785,36.011,-178.852,52.971,-97.169
-0.291,-0.177,-1.006,44.861,48.218,28.442,-177.957,51.13,-99.196
-0.167,-0.351,-1.029,34.058,28.87,30.273,-176.204,49.07,-100.399
-0.269,-0.187,-0.89,-7.751,7.385,59.937,-176.358,48.104,-102.42
-0.298,0.035,-0.751,-9.277,-7.385,63.721,-178.039,48.005,-105.392
-0.375,0.079,-0.657,10.132,-15.564,49.744,-179.077,48.477,-108.16
-0.369,-0.003,-0.648,29.785,-5.615,46.387,-178.967,48.966,-110.495
-0.266,-0.084,-0.642,42.236,-5.554,60.181,-178.242,49.147,-113.253
-0.39,-0.159,-0.892,56.458,-16.174,77.454,-177.149,49.697,-116.807
-0.519,-0.136,-0.98,48.34,-24.292,81.299,-176.287,50.801,-120.817
-0.77,-0.046,-1.366,45.715,-39.612,57.556,-175.562,52.421,-124.146
-0.571,-0.002,-0.969,21.729,-9.766,32.043,-175.117,53.888,-126.211
-0.325,0.118,-1.005,-0.305,22.4,21.851,-175.331,52.877,-127.403
-0.338,0.177,-0.982,-9.766,-3.296,3.052,-176.298,52.542,-128.342
-0.465,0.122,-0.928,-1.038,0.427,-33.203,-176.193,52.383,-127.425
-0.446,0.031,-0.775,-1.526,9.766,-32.898,-175.512,52.097,-125.673
-0.329,0.039,-0.646,-0.916,7.263,-27.954,-174.985,51.438,-124.184
-0.32,0.054,-0.552,-1.709,-4.211,-18.188,-174.683,51.378,-123.041
-0.338,0.089,-0.568,4.089,2.38,-11.475,-174.496,51.482,-122.399
-0.452,0.108,-0.86,4.944,2.93,-3.601,-174.293,51.29,-122.19
-0.591,0.103,-1.004,12.634,-9.644,-3.723,-174.111,51.63,-122.223
-0.818,-0.049,-1.407,28.931,-4.7,-0.977,-173.205,51.932,-122.168
-0.43,-0.287,-0.981,31.799,7.874,12.268,-172.271,51.993,-122.596
-0.367,-0.37,-0.951,31.738,4.333,27.649,-171.101,51.586,-123.629
-0.521,-0.463,-0.971,32.532,-3.54,9.644,-169.799,51.899,-124.167
-0.498,-0.473,-0.873,3.723,36.743,20.813,-169.058,50.988,-124.365
-0.25,-0.225,-0.737,-19.165,28.87,46.509,-170.305,49.526,-125.986
-0.266,-0.074,-0.694,-20.813,0.732,34.668,-171.98,49.197,-127.634
-0.388,-0.073,-0.605,-14.038,-16.541,6.592,-172.936,49.828,-128.018
-0.446,-0.152,-0.615,-10.376,-6.348,-3.113,-173.188,50.488,-127.425
-0.437,-0.213,-0.744,-4.822,4.272,3.723,-173.359,50.526,-126.931
-0.595,-0.224,-0.999,-11.292,-2.991,7.568,-173.611,50.751,-126.722
-0.62,-0.148,-1.126,-11.841,3.174,-0.671,-174.062,50.905,-126.376
-0.506,-0.031,-1.038,-16.663,0.488,-10.437,-174.43,50.988,-125.7
-0.235,0.032,-1.035,-24.658,31.006,-19.897,-174.803,50.213,-124.547
-0.192,0.225,-1.042,-50.354,3.174,-0.793,-176.501,49.076,-124.036
-0.31,0.403,-1.064,-26.428,-6.226,-15.015,-178.698,49.136,-124.211
-0.43,0.213,-0.938,9.827,-4.089,-33.752,-178.632,49.224,-123.311
-0.402,0.091,-0.79,13.916,-0.244,-20.447,-177.715,49.263,-122.327
-0.365,0.058,-0.655,15.198,2.38,-4.517,-176.979,49.164,-122.086
-0.242,0.042,-0.558,13.428,3.845,4.272,-176.572,48.972,-122.481
-0.278,0.052,-0.627,7.446,-9.46,8.545,-176.44,49.186,-123.151
-0.551,0.142,-0.936,4.333,-19.714,7.751,-176.666,50.076,-123.898
-0.624,0.04,-1.043,19.104,-11.597,-4.944,-176.127,50.955,-124.03
-0.694,-0.006,-0.964,12.268,-8.057,10.803,-175.474,51.531,-124.228
-0.416,-0.155,-1.064,27.893,33.02,19.348,-175.161,50.839,-125.25
-0.264,-0.259,-0.939,35.767,13.977,19.531,-174.034,49.504,-126.392
-0.345,-0.425,-0.921,32.41,-3.723,0.0,-172.293,49.499,-126.535
-0.436,-0.38,-0.847,-7.385,15.32,23.499,-171.826,49.103,-126.617
-0.291,-0.092,-0.788,-17.578,19.287,40.955,-173.326,48.367,-128.249
-0.26,-0.033,-0.708,-7.69,-3.601,17.395,-174.315,47.906,-129.479
-0.375,-0.126,-0.621,-5.066,-31.067,-5.188,-174.468,48.873,-129.364
-0.46,-0.18,-0.601,-8.667,-20.02,-13.184,-174.315,50.268,-128.326
-0.506,-0.238,-0.871,-7.08,-5.005,-8.789,-174.078,50.878,-127.062
-0.584,-0.117,-0.984,-17.822,-15.503,3.601,-174.402,51.471,-126.403
-0.724,-0.007,-1.279,-7.751,-12.451,-1.282,-174.952,52.267,-126.057
-0.538,0.044,-0.998,-0.916,4.028,-9.644,-175.04,52.701,-125.618
-0.278,0.074,-0.994,-11.169,30.762,-5.798,-175.062,51.493,-125.134
-0.222,0.262,-0.984,-34.424,-4.15,6.348,-176.594,50.9,-125.585
-0.417,0.364,-0.982,-7.446,-11.536,-33.02,-177.632,51.361,-125.365
-0.436,0.093,-0.84,17.761,8.301,-61.157,-176.067,51.229,-122.932
-0.382,-0.039,-0.759,12.817,11.658,-41.626,-174.348,50.455,-120.586
-0.356,0.008,-0.68,2.075,6.287,-10.498,-173.809,50.015,-119.745
-0.286,0.072,-0.623,5.371,7.629,3.113,-173.853,49.68,-120.026
-0.283,0.087,-0.794,6.531,2.319,2.136,-173.875,49.389,-120.553
-0.513,0.12,-1.031,8.972,-8.606,-3.784,-173.897,49.631,-120.948
-0.63,0.019,-1.165,17.822,-12.939,-0.977,-173.447,50.153,-121.108
-0.636,-0.137,-1.046,17.212,-10.254,13.062,-172.776,51.026,-121.558
-0.334,-0.218,-0.767,25.33,7.08,24.17,-172.161,51.169,-122.624
-0.379,-0.344,-0.849,39.551,-2.075,16.174,-170.98,51.081,-123.734
-0.504,-0.496,-0.896,23.621,9.399,12.939,-169.448,51.07,-124.058
-0.401,-0.362,-0.842,-2.075,18.494,34.424,-169.25,50.444,-124.854
-0.341,-0.217,-0.74,-9.888,5.615,37.17,-170.167,50.142,-126.348
-0.41,-0.141,-0.656,-9.827,-10.498,19.165,-171.002,50.482,-127.288
-0.5,-0.178,-0.619,-7.019,-6.958,0.0,-171.222,51.141,-127.051
-0.347,-0.225,-0.658,-9.338,9.277,0.061,-171.348,51.081,-126.431
-0.352,-0.29,-0.808,-12.329,-6.836,-0.732,-171.546,51.103,-125.87
-0.646,-0.248,-0.928,-32.776,-32.532,-9.766,-172.161,52.295,-124.777
-0.867,-0.076,-1.249,-39.307,-21.484,-23.56,-173.265,53.729,-123.124
-0.708,0.241,-1.042,-30.212,-2.625,-49.988,-173.87,54.322,-120.723
-0.451,0.196,-1.045,-15.32,38.879,-48.401,-173.353,53.119,-117.762
-0.235,0.249,-0.968,-13.855,31.433,-12.268,-173.875,51.202,-116.955
-0.21,0.083,-1.0,22.156,21.606,-46.204,-173.436,49.889,-116.307
-0.292,-0.147,-0.85,12.39,8.24,-78.491,-171.222,48.686,-113.456
-0.382,-0.173,-0.761,-20.386,-4.7,-75.5,-170.019,48.054,-109.72
-0.396,-0.104,-0.686,-37.231,1.709,-67.505,-170.074,47.714,-106.089
-0.281,-0.023,-0.672,-45.776,10.193,-56.702,-170.865,47.016,-102.931
-0.175,0.171,-0.854,-45.349,1.343,-55.359,-172.288,46.406,-100.443
-0.377,0.142,-0.98,-28.442,-27.222,-73.303,-173.123,46.604,-97.438
-0.704,-0.012,-1.045,-15.686,-31.067,-63.843,-172.903,48.032,-94.07
-0.733,-0.124,-0.982,-5.92,-8.911,-34.241,-172.37,49.054,-91.708
-0.322,-0.148,-0.844,7.324,28.381,1.892,-172.095,48.439,-91.401
-0.251,-0.258,-0.997,30.273,19.653,1.099,-171.194,47.214,-91.956
-0.27,-0.503,-1.02,10.315,24.292,5.493,-170.035,46.132,-91.994
-0.284,-0.297,-0.918,-19.653,9.399,32.898,-170.804,45.39,-93.049
-0.311,-0.167,-0.789,-23.193,13.245,30.579,-172.249,45.044,-94.466
-0.198,-0.085,-0.681,-13.367,13.489,23.01,-173.353,44.363,-95.543
-0.237,-0.146,-0.653,3.052,2.136,28.442,-173.683,44.16,-96.641
-0.175,-0.215,-0.667,3.174,16.174,39.795,-173.886,43.731,-98.234
-0.309,-0.272,-1.067,-6.836,12.878,35.522,-174.089,43.187,-99.745
-0.248,-0.185,-1.126,-9.094,-1.16,37.415,-174.88,42.808,-101.316
-0.505,0.026,-1.128,-12.939,-15.015,35.278,-175.754,43.358,-102.909
-0.221,0.114,-1.018,-12.512,21.79,40.894,-176.699,43.116,-104.617
-0.124,0.383,-0.922,-25.208,-3.296,56.152,-178.5,42.385,-107.391
-0.331,0.534,-1.007,-10.376,-2.625,39.246,179.346,42.649,-110.605
-0.319,0.323,-0.985,31.616,27.649,5.127,179.302,41.814,-112.258
-0.221,0.096,-0.879,23.926,19.958,10.498,-179.67,40.578,-113.126
-0.215,0.086,-0.804,13.0,8.606,16.113,-179.341,39.886,-114.39
-0.196,0.11,-0.69,4.883,2.747,20.02,-179.44,39.672,-115.741
-0.148,0.154,-0.62,6.897,-3.601,25.024,-179.742,39.655,-117.356
-0.212,0.178,-0.727,8.911,-13.977,31.006,-179.995,40.106,-119.284
-0.411,0.266,-1.024,7.324,-19.409,38.757,179.517,40.93,-121.641
-0.458,0.147,-1.099,30.212,-11.78,26.245,179.808,41.704,-123.624
-0.477,0.022,-0.971,15.503,-11.108,43.335,-179.687,42.407,-125.612
-0.236,-0.062,-1.16,30.029,16.479,40.771,-179.495,42.105,-127.98
-0.207,-0.191,-1.004,43.335,-0.244,13.733,-177.951,41.666,-129.298
-0.236,-0.413,-1.024,31.189,30.334,1.404,-175.677,41.045,-129.078
-0.087,-0.225,-0.917,-5.188,19.531,34.058,-175.078,39.523,-129.699
-0.169,-0.052,-0.847,-14.221,1.526,33.752,-175.891,39.122,-131.292
-0.249,-0.005,-0.757,-7.874,-2.502,10.376,-176.517,39.095,-132.209
-0.25,-0.059,-0.697,-5.188,-3.723,-1.77,-176.688,39.227,-132.204
-0.195,-0.122,-0.657,-8.545,-2.563,-5.981,-176.776,39.463,-131.786
-0.28,-0.158,-0.912,-6.409,-10.986,-21.179,-176.808,39.749,-130.897
-0.411,-0.205,-1.076,-18.005,-13.184,-37.292,-176.721,40.408,-129.018
-0.554,-0.098,-1.415,-31.738,-14.526,-43.274,-177.22,41.182,-126.541
-0.39,0.095,-1.146,-35.095,9.033,-57.312,-178.088,41.622,-123.695
0.094,0.233,-0.985,-43.64,37.048,-51.392,-179.088,39.952,-120.74
0.127,0.445,-0.968,-49.011,-20.447,-35.645,178.808,39.677,-119.174
-0.332,0.391,-1.002,-3.906,-41.87,-51.147,177.924,41.545,-117.889
-0.509,0.168,-0.967,8.728,-2.502,-52.673,178.682,42.589,-115.878
-0.33,0.072,-0.848,4.517,17.944,-47.424,179.544,42.094,-113.736
-0.207,0.051,-0.729,-7.019,9.094,-36.438,179.896,41.572,-111.918
-0.044,0.129,-0.652,-15.442,-7.935,-30.945,179.588,41.578,-110.643
-0.185,0.153,-0.624,-9.094,-42.48,-39.124,179.253,42.764,-109.336
-0.642,0.184,-0.934,-11.597,-55.176,-37.048,179.214,45.467,-107.924
-0.783,0.195,-1.013,1.709,-9.644,-32.654,179.297,47.411,-106.485
-0.601,0.052,-1.018,16.968,-1.648,-1.77,-179.775,47.878,-105.694
-0.299,-0.092,-1.124,31.067,31.921,26.672,-179.055,47.401,-106.633
-0.171,-0.213,-1.019,49.744,19.104,10.62,-177.407,45.983,-107.836
-0.271,-0.399,-1.005,31.982,23.926,5.737,-175.161,45.016,-107.946
-0.25,-0.232,-0.894,-1.77,25.574,25.024,-174.567,43.616,-108.501
-0.196,-0.117,-0.809,-6.226,17.395,20.264,-174.985,42.616,-109.308
-0.227,-0.057,-0.746,3.113,-1.526,19.409,-175.117,42.27,-109.951
-0.273,-0.119,-0.708,19.714,-7.568,29.114,-174.661,42.627,-110.951
-0.263,-0.218,-0.695,23.071,-4.395,43.213,-173.941,43.039,-112.61
-0.353,-0.248,-0.898,18.982,-3.418,43.823,-173.386,43.412,-114.494
-0.467,-0.243,-1.057,16.052,-9.033,28.564,-172.897,43.868,-115.873
-0.59,-0.188,-1.397,5.371,-6.836,15.442,-172.474,44.451,-116.351
-0.303,-0.089,-1.009,5.249,5.432,10.925,-172.458,44.709,-116.73
-0.091,0.047,-1.0,-24.475,20.874,23.499,-173.134,43.676,-117.554
-0.139,0.301,-1.075,-30.457,-1.709,22.278,-175.15,43.193,-119.07
-0.313,0.299,-1.036,7.69,1.282,-6.47,-176.155,43.116,-119.932
-0.266,0.081,-0.86,27.588,5.798,-9.583,-175.32,42.753,-119.943
-0.295,-0.048,-0.757,23.926,-11.108,-3.296,-174.172,42.764,-120.059
-0.32,-0.098,-0.661,4.272,-9.705,-1.282,-173.578,43.385,-120.146
-0.284,0.04,-0.629,-7.874,-7.629,7.629,-173.936,43.764,-120.377
-0.375,0.094,-0.777,0.854,-11.597,7.69,-174.452,44.341,-120.938
-0.546,0.123,-1.047,7.202,-12.451,6.409,-174.562,45.093,-121.41
-0.548,0.095,-1.106,17.517,8.362,11.23,-174.342,45.385,-122.036
-0.346,0.0,-0.927,25.94,12.39,25.757,-173.672,44.962,-123.245
-0.15,-0.231,-1.044,47.913,7.935,31.616,-172.381,44.594,-124.909
-0.332,-0.388,-0.911,54.688,-12.878,14.648,-170.299,45.011,-126.178
-0.35,-0.615,-1.025,43.091,32.837,1.343,-167.602,44.379,-126.052
-0.179,-0.476,-0.885,0.61,30.273,34.729,-166.871,42.682,-126.843
-0.183,-0.243,-0.789,-15.686,-1.221,38.269,-167.756,42.512,-128.342
-0.327,-0.148,-0.692,-15.076,-17.883,15.93,-168.574,43.286,-128.969
-0.37,-0.191,-0.618,-5.859,-5.92,-0.61,-168.816,44.017,-128.6
-0.271,-0.212,-0.617,-5.676,2.93,-0.244,-168.827,44.127,-128.079
-0.396,-0.286,-0.896,-4.15,-2.747,-15.503,-168.728,44.247,-127.282
-0.513,-0.364,-1.061,-18.433,-6.47,-28.687,-168.497,44.368,-125.546
-0.675,-0.268,-1.427,-28.992,-6.897,-37.842,-168.816,44.61,-123.195
-0.296,-0.109,-0.988,-31.311,17.639,-43.457,-169.585,44.341,-120.74
-0.074,0.093,-0.996,-66.345,22.095,-15.381,-171.392,42.753,-119.119
-0.165,0.466,-1.146,-67.993,-3.906,-1.526,-175.073,42.38,-119.207
-0.264,0.442,-1.061,12.695,9.583,-51.147,-176.413,42.116,-118.477
-0.225,-0.025,-0.906,38.391,6.592,-53.406,-174.227,41.506,-116.186
-0.251,-0.215,-0.771,15.442,-6.714,-19.165,-172.672,41.385,-114.966
-0.265,-0.082,-0.663,-16.479,-7.935,-5.493,-172.919,41.77,-114.736
-0.196,0.086,-0.589,-20.264,-9.277,-1.831,-173.93,42.122,-114.62
-0.279,0.183,-0.792,-8.179,-11.658,11.23,-174.875,42.704,-115.17
-0.432,0.223,-1.003,7.08,-8.85,20.325,-175.441,43.259,-116.488
-0.562,0.078,-1.299,28.992,-19.531,16.968,-174.935,44.028,-117.729
-0.636,-0.13,-1.148,33.447,-16.968,30.945,-174.117,45.467,-119.301
-0.266,-0.298,-0.926,51.208,28.259,32.166,-172.557,44.907,-121.157
-0.254,-0.501,-0.993,49.438,11.414,15.747,-170.354,44.088,-122.355
-0.288,-0.497,-0.946,1.77,22.888,26.428,-169.096,43.478,-122.937
-0.214,-0.187,-0.911,-20.874,21.729,42.664,-170.068,42.567,-124.398
-0.172,-0.052,-0.833,-13.245,18.494,34.79,-171.359,41.71,-126.2
-0.231,-0.076,-0.731,-1.465,-1.831,8.24,-171.876,41.358,-127.161
-0.266,-0.158,-0.686,-1.831,1.587,-5.615,-171.766,41.396,-126.942
-0.171,-0.257,-0.648,-3.296,2.625,-9.705,-171.584,41.221,-126.271
-0.357,-0.253,-0.988,-12.085,-7.568,-7.202,-171.623,41.353,-125.464
-0.421,-0.28,-1.029,-15.503,-12.878,-17.822,-171.76,41.863,-124.25
-0.501,-0.098,-1.032,-23.132,-27.893,-20.142,-172.211,42.902,-122.805
-0.281,-0.046,-0.938,-36.072,20.691,-24.048,-173.024,43.187,-121.124
-0.082,0.248,-0.978,-64.026,16.235,7.263,-175.523,41.781,-120.861
-0.183,0.502,-1.115,-44.678,4.639,-5.798,-178.715,41.545,-121.536
-0.23,0.304,-1.053,12.634,20.752,-54.443,-178.857,40.622,-120.223
-0.212,0.048,-0.89,13.55,15.32,-52.734,-177.643,39.765,-117.944
-0.259,-0.03,-0.749,-0.793,6.714,-22.339,-177.05,39.194,-116.472
-0.21,0.082,-0.683,-7.812,9.949,-4.211,-177.374,38.837,-116.263
-0.093,0.15,-0.63,-6.165,8.057,-6.165,-177.83,38.397,-116.318
-0.257,0.27,-0.942,-3.479,-7.69,-4.028,-178.242,38.419,-116.455
-0.373,0.314,-1.089,17.883,5.31,-9.766,-178.319,38.688,-116.68
-0.391,0.09,-1.195,46.631,-2.808,-14.587,-176.726,38.463,-116.411
-0.189,-0.166,-0.967,46.875,3.296,5.127,-174.738,38.611,-116.516
-0.16,-0.326,-1.005,65.002,4.089,1.709,-172.238,38.359,-117.037
-0.189,-0.625,-0.974,66.162,16.724,-13.733,-168.69,37.875,-116.587
-0.103,-0.665,-0.887,16.541,25.574,13.245,-166.454,36.683,-116.268
-0.06,-0.379,-0.818,-31.738,10.132,33.569,-167.124,36.134,-117.098
-0.119,-0.138,-0.796,-40.649,-3.357,22.583,-168.953,36.211,-117.839
-0.238,-0.076,-0.752,-24.963,-13.672,-3.967,-170.283,36.749,-117.68
-0.241,-0.154,-0.726,-12.695,0.366,-15.625,-170.695,36.991,-116.669
-0.143,-0.276,-0.852,-11.597,3.235,-5.676,-170.925,36.733,-115.856
-0.275,-0.204,-1.044,-26.733,-0.854,13.855,-171.881,36.821,-115.906
-0.209,-0.109,-1.095,-10.193,0.183,-9.888,-172.524,36.898,-115.724
-0.183,-0.137,-1.101,-12.817,7.751,-35.767,-172.48,36.771,-114.291
-0.008,0.04,-1.143,-37.17,3.235,-28.992,-173.199,35.931,-112.582
-0.181,0.308,-1.198,-53.833,-23.743,-4.883,-175.551,36.519,-111.978
-0.227,0.427,-1.139,3.296,5.859,-14.709,-177.138,36.865,-112.137
-0.084,0.056,-0.913,31.006,0.61,-26.306,-176.122,36.519,-111.654
-0.156,-0.081,-0.791,18.494,-22.339,-21.606,-174.869,36.887,-110.973
-0.34,-0.081,-0.725,-0.244,-27.161,-12.085,-174.424,38.167,-110.424
-0.349,0.02,-0.689,-5.615,-2.93,-5.005,-174.644,38.952,-110.165
-0.207,0.045,-0.817,-1.892,9.338,3.113,-174.869,38.787,-110.209
-0.311,0.176,-1.029,0.366,-5.432,16.174,-175.375,38.875,-111.105
-0.371,0.054,-1.086,27.1,0.427,1.648,-174.743,39.15,-111.736
-0.421,-0.02,-0.938,20.874,-2.441,13.489,-173.727,39.441,-112.324
-0.182,-0.095,-0.935,33.813,22.644,16.663,-172.722,38.985,-113.329
-0.09,-0.297,-0.936,58.838,9.155,7.996,-170.475,38.227,-114.093
-0.196,-0.554,-1.003,47.363,17.151,3.601,-167.739,37.733,-114.219
-0.074,-0.472,-0.982,3.357,31.128,22.156,-166.707,36.376,-114.752
-0.024,-0.26,-0.893,-13.672,9.827,30.579,-167.206,35.667,-115.856
-0.19,-0.176,-0.805,-10.559,-14.709,19.287,-167.811,35.969,-116.735
-0.307,-0.196,-0.796,-7.141,-5.249,7.08,-168.157,36.65,-116.955
-0.116,-0.229,-0.717,-2.808,11.902,2.075,-168.256,36.453,-116.9
-0.108,-0.304,-0.9,-6.104,-1.77,-1.953,-168.212,36.145,-116.625
-0.226,-0.276,-1.016,-13.733,-4.822,-11.536,-168.481,36.255,-115.95
-0.389,-0.26,-1.38,-17.944,-16.602,-15.076,-168.849,36.612,-114.796
-0.309,-0.116,-1.133,-20.325,11.658,-21.912,-169.585,36.98,-113.626
0.013,0.062,-0.992,-36.377,19.531,-5.188,-170.837,35.667,-113.005
-0.119,0.24,-1.001,-40.466,-23.132,8.545,-172.919,35.865,-113.379
-0.292,0.305,-1.018,-6.409,-0.427,-15.076,-174.221,36.42,-113.621
-0.188,0.092,-0.907,13.367,10.742,-27.405,-173.848,35.947,-112.874
-0.191,-0.014,-0.876,10.62,7.507,-18.005,-173.315,35.469,-112.231
-0.194,-0.014,-0.855,1.648,10.925,0.366,-173.227,35.03,-112.253
-0.121,0.051,-0.796,3.235,10.315,9.338,-173.408,34.547,-112.939
-0.064,0.077,-0.736,4.089,-2.441,15.747,-173.529,34.442,-113.928
-0.261,0.164,-0.945,2.93,-12.024,27.161,-173.815,35.041,-115.417
-0.304,0.129,-1.014,32.349,-5.798,12.512,-173.359,35.535,-116.796
-0.499,-0.118,-1.127,37.964,-4.639,11.353,-171.705,36.266,-117.488
-0.21,-0.232,-1.082,50.598,36.255,11.047,-169.915,35.673,-118.345
0.071,-0.435,-0.916,64.697,23.865,-1.77,-167.234,34.146,-118.878
-0.021,-0.694,-0.914,34.302,15.198,-4.15,-164.432,33.25,-118.592
0.005,-0.475,-0.893,-21.851,13.306,15.259,-164.009,32.47,-118.51
0.004,-0.228,-0.852,-28.564,0.0,20.752,-165.185,32.283,-118.954
-0.113,-0.167,-0.828,-20.203,-14.526,14.465,-166.207,32.679,-119.383
-0.233,-0.174,-0.819,-12.329,-9.766,3.784,-166.871,33.382,-119.449
-0.136,-0.216,-0.771,-3.906,1.648,-2.563,-167.069,33.486,-119.191
-0.101,-0.291,-0.842,-2.38,-3.296,-8.057,-166.976,33.459,-118.685
-0.162,-0.334,-1.02,-7.019,0.671,-18.127,-166.943,33.36,-117.74
-0.151,-0.386,-1.028,-14.771,-17.029,-23.804,-167.036,33.569,-116.18
-0.329,-0.23,-1.038,-31.25,-16.846,-15.076,-167.855,34.486,-114.796
-0.04,-0.042,-1.023,-37.903,16.968,-5.188,-169.162,34.052,-114.027
-0.026,0.177,-0.934,-45.105,-24.597,12.512,-171.293,34.376,-114.362
-0.259,0.288,-1.009,-21.729,-16.968,-0.549,-173.205,35.59,-115.005
-0.262,0.154,-1.02,15.198,11.597,-25.085,-173.199,35.431,-114.615
-0.092,-0.024,-0.884,20.203,7.874,-19.714,-172.277,34.667,-113.961
-0.214,-0.084,-0.811,10.132,-14.038,-11.292,-171.601,34.849,-113.566
-0.312,-0.069,-0.735,0.0,-0.183,0.793,-171.469,35.321,-113.472
-0.164,0.06,-0.713,-5.432,19.348,20.203,-171.909,34.997,-114.219
-0.145,0.13,-0.93,1.526,10.254,27.466,-172.359,34.448,-115.724
-0.156,0.124,-1.048,22.888,7.202,15.93,-172.315,34.195,-117.285
-0.328,-0.065,-1.016,37.354,-13.123,4.761,-170.942,34.541,-118.032
-0.229,-0.256,-1.167,39.734,30.151,5.798,-169.327,34.321,-118.559
0.119,-0.394,-0.957,51.941,26.917,-2.014,-167.234,32.783,-118.971
0.045,-0.603,-0.936,32.959,3.784,-6.897,-164.998,32.102,-118.724
-0.026,-0.484,-0.944,-12.817,8.789,5.493,-164.537,31.663,-118.389
-0.003,-0.271,-0.882,-20.874,2.014,19.409,-165.311,31.426,-118.702
-0.093,-0.205,-0.837,-13.0,-12.207,20.935,-165.998,31.8,-119.388
-0.237,-0.244,-0.808,-6.897,-11.292,12.268,-166.3,32.569,-119.762
-0.161,-0.241,-0.722,-7.874,3.967,7.385,-166.542,32.728,-119.91
-0.071,-0.293,-0.767,-7.507,-3.54,-1.343,-166.696,32.745,-119.702
-0.163,-0.332,-0.982,-9.888,2.319,-20.996,-166.822,32.75,-118.79
-0.112,-0.32,-1.044,-20.447,-9.766,-24.719,-167.08,32.695,-117.175
-0.291,-0.236,-1.082,-27.1,-6.287,-35.278,-167.756,33.223,-115.318
0.042,-0.013,-1.168,-43.396,25.94,-21.484,-169.058,32.124,-113.73
0.007,0.225,-1.091,-47.607,-17.761,1.038,-171.409,31.943,-113.478
-0.149,0.312,-1.135,1.831,0.366,-15.503,-172.859,32.437,-113.703
0.014,0.015,-0.986,31.494,13.55,-19.287,-171.996,31.811,-113.297
0.022,-0.123,-0.823,22.949,-17.639,-1.77,-170.804,31.608,-113.357
-0.234,-0.12,-0.738,7.202,-33.813,0.122,-170.283,32.997,-113.676
-0.333,-0.082,-0.714,4.761,-14.038,-11.963,-170.068,34.03,-113.406
-0.26,-0.088,-0.742,6.531,0.61,-10.254,-169.766,34.288,-112.819
-0.313,-0.097,-0.914,7.996,-6.592,2.075,-169.415,34.585,-112.692
-0.418,-0.075,-1.085,11.414,2.319,10.071,-169.113,34.975,-113.055
-0.431,-0.127,-1.204,18.005,15.686,22.522,-168.607,34.821,-113.978
-0.262,-0.209,-1.153,25.33,32.349,30.273,-167.943,34.167,-115.565
0.083,-0.257,-1.031,29.48,17.822,41.992,-166.882,33.228,-117.658
-0.001,-0.317,-0.933,34.851,-12.146,35.583,-165.679,33.613,-119.696
-0.211,-0.485,-0.911,24.536,21.179,16.968,-164.158,33.849,-120.652
0.021,-0.425,-0.895,3.113,36.926,18.616,-163.521,32.382,-121.608
0.111,-0.323,-0.85,-14.221,16.235,15.991,-163.718,31.152,-122.426
-0.044,-0.231,-0.828,-12.939,-10.193,9.827,-164.295,31.047,-122.822
-0.173,-0.27,-0.817,-4.211,-7.812,2.136,-164.548,31.536,-122.805
-0.139,-0.321,-0.782,-5.554,-0.977,-0.305,-164.564,31.696,-122.552
-0.063,-0.372,-0.815,-6.287,0.183,-7.446,-164.597,31.597,-122.047
-0.159,-0.406,-1.004,-16.235,-0.183,-12.939,-164.773,31.514,-121.091
-0.096,-0.312,-1.062,-22.705,-7.629,-8.24,-165.443,31.564,-120.097
-0.259,-0.226,-1.034,-20.996,-12.939,-11.536,-166.24,32.311,-119.273
0.018,-0.09,-0.976,-28.442,17.944,-0.549,-167.184,31.767,-118.839
0.024,0.094,-0.98,-37.903,-10.498,15.625,-169.008,31.778,-119.487
-0.108,0.185,-1.077,-9.033,-2.686,-7.324,-170.321,32.086,-120.042
-0.097,-0.012,-1.018,10.254,3.113,-21.24,-170.145,31.827,-119.57
-0.1,-0.083,-0.917,3.845,-4.578,-12.207,-169.931,31.69,-119.207
-0.195,-0.07,-0.837,1.587,-7.019,-13.611,-169.942,31.97,-118.894
-0.19,-0.094,-0.757,1.648,1.953,-12.024,-169.871,31.987,-118.4
-0.136,-0.051,-0.737,-1.099,-1.343,6.592,-169.953,31.992,-118.4
-0.178,0.058,-0.915,1.465,-4.883,21.179,-170.255,32.322,-119.279
-0.279,-0.02,-1.04,25.513,-8.789,21.729,-169.882,32.959,-120.465
-0.424,-0.118,-1.369,32.837,-9.094,34.668,-168.794,33.624,-121.981
-0.19,-0.222,-1.038,34.912,15.503,33.691,-167.684,33.948,-123.843
0.005,-0.403,-0.938,46.326,13.794,16.663,-166.003,33.409,-125.261
-0.048,-0.619,-0.92,38.574,6.653,5.127,-163.751,33.129,-125.645
-0.062,-0.555,-0.938,-10.62,20.935,31.555,-162.938,32.602,-126.233
0.01,-0.285,-0.913,-25.818,17.273,41.26,-163.987,32.069,-127.892
-0.014,-0.168,-0.839,-17.456,-2.686,31.86,-165.048,31.992,-129.468
-0.199,-0.224,-0.793,-5.432,-14.587,14.099,-165.454,32.734,-130.21
-0.208,-0.285,-0.736,-2.747,-0.183,5.493,-165.493,33.052,-130.32
0.032,-0.359,-0.71,-5.92,-2.014,15.503,-165.531,33.157,-130.402
-0.144,-0.344,-0.963,0.122,-20.264,44.861,-165.591,34.118,-131.468
-0.212,-0.318,-0.99,9.949,-20.996,80.566,-165.591,35.612,-134.247
-0.474,-0.172,-1.225,9.827,-37.476,103.882,-165.828,38.051,-138.367
-0.396,-0.117,-1.072,15.747,25.208,107.3,-166.459,39.446,-143.41
0.141,0.021,-0.986,-14.648,34.302,92.773,-167.739,38.024,-148.854
-0.015,0.114,-1.049,-10.681,-3.174,36.499,-169.596,37.738,-152.77
-0.233,-0.007,-1.048,8.301,1.953,-8.85,-169.81,37.694,-153.726
-0.158,-0.071,-0.919,3.906,8.606,-5.127,-169.618,37.189,-153.781
-0.196,-0.055,-0.814,1.038,-6.165,-9.094,-169.634,36.974,-153.896
-0.248,-0.047,-0.725,-1.038,-6.042,-13.733,-169.64,37.222,-153.463
-0.195,-0.015,-0.636,1.587,-0.305,-5.432,-169.651,37.304,-153.078
-0.238,-0.015,-0.867,-0.488,-2.319,3.784,-169.662,37.403,-153.094
-0.32,0.094,-1.084,1.709,2.563,15.808,-170.09,37.529,-153.792
-0.335,-0.01,-1.246,22.705,0.732,7.935,-169.7,37.535,-154.506
-0.351,-0.168,-1.163,22.217,1.038,11.719,-168.975,37.903,-155.105
-0.124,-0.395,-0.963,41.382,19.165,3.174,-167.492,37.315,-155.632
-0.107,-0.581,-0.891,20.02,-1.709,3.174,-165.855,36.854,-155.858
-0.287,-0.441,-0.899,-3.601,-5.981,0.671,-165.432,37.266,-155.643
-0.223,-0.357,-0.866,-6.287,24.963,18.066,-165.504,36.716,-155.891
-0.046,-0.267,-0.792,-16.968,19.775,33.875,-166.141,35.815,-157.231
-0.215,-0.134,-0.765,-14.099,-15.808,18.494,-167.075,36.052,-158.621
-0.339,-0.216,-0.744,-3.967,1.038,-11.292,-167.294,36.595,-158.56
-0.239,-0.299,-0.701,-11.414,15.381,-33.936,-167.223,36.041,-157.132
-0.312,-0.345,-0.94,-17.334,12.085,-52.124,-167.289,35.145,-154.561
-0.283,-0.306,-1.02,-28.076,14.954,-51.331,-167.723,34.266,-151.49
-0.287,-0.115,-1.285,-35.339,16.052,-42.419,-168.723,33.294,-148.832
0.062,0.022,-1.114,-31.738,39.124,-34.912,-170.024,31.811,-146.832
0.187,0.159,-1.041,-45.349,11.597,8.301,-171.837,30.245,-146.442
0.028,0.393,-1.068,-29.602,-0.305,33.447,-174.304,30.152,-148.37
-0.033,0.253,-1.029,26.428,15.503,-11.841,-174.562,29.647,-149.507
0.086,-0.046,-0.909,33.875,14.099,-30.212,-173.123,28.586,-148.81
-0.016,-0.119,-0.826,15.686,-15.869,-13.916,-172.15,28.597,-148.343
-0.173,-0.065,-0.81,2.625,-7.263,-3.906,-171.964,29.174,-148.392
-0.028,0.005,-0.752,0.671,2.502,4.395,-172.046,29.097,-148.711
-0.028,0.055,-0.852,-0.488,-8.789,16.602,-172.249,29.306,-149.595
-0.189,0.123,-1.095,4.761,-0.916,26.428,-172.529,29.68,-151.068
-0.167,0.022,-1.138,30.09,-18.555,15.137,-171.859,30.196,-152.287
-0.407,-0.174,-1.146,33.142,5.432,17.151,-170.541,31.311,-153.04
0.012,-0.268,-0.922,43.213,40.955,14.221,-169.03,30.146,-154.067
0.146,-0.515,-0.946,50.049,21.667,1.221,-166.569,28.641,-154.698
0.074,-0.548,-0.935,3.845,12.695,10.803,-164.998,27.883,-155.198
0.094,-0.293,-0.9,-18.982,11.169,21.118,-165.355,27.334,-156.319
0.067,-0.189,-0.855,-16.479,-4.639,22.949,-166.113,27.169,-157.857
-0.09,-0.211,-0.863,-10.742,-8.362,16.541,-166.641,27.598,-159.109
-0.101,-0.191,-0.85,-8.057,2.502,12.451,-167.02,27.773,-160.005
0.004,-0.234,-0.787,-1.587,-3.601,-0.61,-167.146,27.757,-160.45
-0.074,-0.3,-0.924,-7.507,-5.92,-11.902,-167.162,27.96,-160.12
-0.046,-0.313,-1.031,-7.263,-5.188,-17.151,-167.333,27.927,-159.406
-0.102,-0.296,-1.04,-20.081,-20.569,-7.507,-167.778,28.531,-158.714
-0.276,-0.162,-1.042,-27.405,-23.315,-7.69,-168.739,29.734,-158.121
-0.091,-0.039,-1.007,-26.489,7.935,-7.69,-169.871,29.888,-157.489
0.028,0.12,-0.985,-32.104,-5.066,7.568,-171.321,29.822,-157.582
-0.044,0.252,-1.007,-13.245,-3.418,0.0,-172.716,30.152,-158.17
-0.05,0.08,-1.005,20.325,0.61,-26.306,-172.43,29.993,-157.643
-0.096,-0.071,-0.921,19.47,0.488,-15.808,-171.562,29.888,-156.89
-0.089,-0.144,-0.866,14.648,-1.465,-10.071,-170.821,29.762,-156.555
-0.147,-0.12,-0.881,2.625,-0.122,-2.686,-170.48,29.833,-156.374
-0.131,-0.066,-0.876,5.798,2.625,3.418,-170.392,29.784,-156.495
-0.039,-0.072,-0.847,4.7,-0.732,9.033,-170.217,29.762,-156.857
-0.157,-0.006,-0.978,-2.808,-1.587,22.156,-170.321,30.081,-157.665
-0.109,0.03,-1.03,14.221,-6.165,23.132,-170.37,30.295,-158.956
-0.346,-0.112,-1.044,21.79,-14.954,21.24,-169.596,31.311,-159.972
-0.121,-0.194,-1.01,37.17,24.597,14.954,-168.442,31.168,-160.9
0.231,-0.426,-0.949,45.471,18.616,6.775,-166.317,29.965,-161.565
0.097,-0.541,-0.927,9.399,-22.705,8.484,-164.905,30.284,-162.202
-0.106,-0.32,-0.934,-18.311,-19.226,7.629,-165.289,31.218,-162.757
-0.127,-0.206,-0.86,-15.259,-15.442,16.968,-166.014,31.954,-163.477
-0.239,-0.183,-0.837,-11.169,-20.325,16.663,-166.558,32.97,-164.301
-0.32,-0.196,-0.851,-2.319,-1.709,-0.061,-166.789,33.591,-164.421
-0.187,-0.278,-0.807,0.0,10.559,-6.042,-166.635,33.311,-163.938
-0.065,-0.297,-0.843,-7.874,5.249,-3.174,-166.679,32.986,-163.488
-0.063,-0.291,-1.008,-4.028,10.925,-5.188,-166.805,32.602,-163.246
-0.049,-0.276,-0.996,-12.024,-22.4,3.906,-166.959,32.712,-163.246
-0.394,-0.184,-0.958,-18.311,-29.053,-2.625,-167.52,34.376,-163.174
-0.149,-0.082,-1.009,-20.813,13.306,3.418,-168.228,34.442,-162.85
-0.177,0.07,-0.968,-29.358,-11.963,21.423,-169.579,34.744,-163.499
-0.179,0.173,-0.939,-3.845,1.587,6.714,-170.755,35.063,-164.41
-0.232,-0.007,-0.935,18.555,4.944,-8.606,-170.469,34.997,-164.427
-0.183,-0.124,-0.943,16.907,17.212,-8.24,-169.689,34.36,-164.163
-0.144,-0.169,-0.907,8.179,16.296,-5.066,-169.195,33.558,-164.037
-0.151,-0.131,-0.904,-1.465,10.62,0.854,-169.167,32.964,-164.081
-0.119,-0.096,-0.894,1.831,14.282,3.906,-169.272,32.415,-164.377
-0.052,-0.102,-0.89,-3.296,6.592,13.489,-169.398,31.97,-164.993
-0.083,0.011,-0.954,-4.761,5.798,26.794,-169.915,31.86,-166.295
-0.095,0.049,-0.951,10.986,-8.606,26.917,-170.046,32.086,-167.91
-0.348,-0.069,-0.986,24.963,-23.438,21.79,-169.305,33.195,-169.129
-0.259,-0.227,-0.961,28.809,19.897,22.705,-168.278,33.42,-170.211
-0.022,-0.399,-1.001,35.339,25.513,18.555,-166.794,32.404,-171.332
0.013,-0.465,-0.958,8.24,12.085,35.889,-165.806,31.75,-172.969
-0.06,-0.309,-0.936,-7.507,-0.244,42.175,-165.954,31.772,-175.358
-0.113,-0.232,-0.88,-11.658,-1.587,33.691,-166.492,32.108,-177.605
-0.194,-0.195,-0.848,-9.949,-9.216,17.944,-167.031,32.514,-179.138
-0.249,-0.213,-0.875,-5.371,3.357,4.089,-167.344,32.855,-179.758
-0.127,-0.269,-0.825,-4.211,9.888,-1.77,-167.41,32.514,-179.824
-0.037,-0.298,-0.875,-6.287,6.226,-0.671,-167.481,32.113,-179.896
-0.099,-0.311,-1.002,-5.31,-3.662,0.793,-167.563,31.976,179.764
-0.179,-0.315,-1.029,-18.066,-17.517,0.916,-167.899,32.52,179.5
-0.346,-0.21,-1.032,-29.236,-10.681,-8.789,-168.882,33.459,179.742
-0.02,0.014,-1.106,-41.443,20.813,3.54,-170.535,32.728,179.835
-0.022,0.205,-0.982,-40.588,-17.151,13.855,-172.766,32.948,179.072
-0.203,0.242,-1.007,-11.719,-8.057,-7.08,-174.15,33.602,178.709
-0.141,0.083,-0.94,5.737,12.39,-19.775,-174.227,33.289,179.429
-0.058,0.003,-0.863,8.301,-3.174,-13.062,-173.947,32.888,-179.94
-0.211,-0.016,-0.827,2.014,-18.311,-2.014,-173.881,33.618,-179.731
-0.177,0.029,-0.792,6.775,-8.484,18.86,-173.919,34.211,179.846
-0.205,0.049,-0.876,5.554,-11.902,31.372,-173.963,34.843,178.5
-0.313,0.129,-1.082,-0.732,-5.31,27.161,-174.359,35.442,177.034
-0.294,0.097,-1.113,15.686,-18.433,19.043,-174.457,36.09,176.012
-0.355,-0.082,-1.009,22.522,-8.911,28.381,-173.831,37.167,175.023
-0.123,-0.232,-0.835,31.311,3.845,41.626,-172.969,37.408,173.348
-0.177,-0.414,-0.915,42.114,-4.272,20.813,-171.31,37.634,171.661
-0.221,-0.518,-0.932,8.362,20.386,18.311,-169.898,37.386,170.739
-0.082,-0.318,-0.946,-20.813,23.743,36.682,-170.338,36.277,168.843
-0.074,-0.138,-0.861,-29.663,7.812,37.72,-171.744,35.629,166.339
-0.208,-0.018,-0.816,-19.043,-12.817,23.071,-173.013,35.898,164.383
-0.307,-0.05,-0.772,-3.784,-9.094,5.92,-173.408,36.541,163.641
-0.255,-0.152,-0.719,4.883,1.282,-0.549,-173.205,36.766,163.63
-0.245,-0.235,-0.815,-1.038,0.854,-3.54,-172.919,36.749,163.828
-0.339,-0.27,-1.021,-8.789,1.77,-5.005,-172.897,36.859,164.169
-0.293,-0.224,-1.066,-16.235,3.174,-2.869,-173.276,36.903,164.498
-0.293,-0.083,-1.14,-25.757,10.864,4.456,-174.139,36.7,164.504
0.158,0.115,-1.146,-33.386,30.09,14.16,-175.507,35.277,164.031
0.073,0.305,-0.99,-41.565,-22.827,27.771,-177.632,35.068,162.565
-0.189,0.388,-0.993,-13.489,-20.325,8.484,-179.55,36.09,161.109
-0.224,0.186,-0.937,22.4,0.183,-18.311,-179.429,36.381,161.29
-0.167,0.002,-0.826,24.231,1.282,-14.893,-178.275,36.2,162.114
-0.215,-0.061,-0.764,7.812,-11.902,-2.258,-177.534,36.387,162.471
-0.286,0.019,-0.749,-7.385,-12.939,2.747,-177.682,37.084,162.444
-0.236,0.134,-0.739,-6.348,-4.517,5.432,-178.226,37.584,162.367
-0.234,0.19,-0.947,-1.282,-5.066,13.672,-178.61,37.864,162.087
-0.321,0.25,-1.087,7.629,-4.517,20.142,-178.951,38.106,161.235
-0.438,0.159,-1.334,24.841,-16.418,14.221,-178.495,38.672,160.532
-0.441,-0.069,-1.132,28.748,-7.935,17.212,-177.567,39.556,159.89
-0.371,-0.186,-1.123,40.344,18.677,1.709,-176.028,39.188,159.565
-0.136,-0.365,-0.964,34.668,34.546,-10.376,-174.051,37.815,160.049
-0.084,-0.347,-0.917,2.686,19.043,3.357,-172.985,36.502,159.928
-0.04,-0.136,-0.869,-19.226,22.339,10.742,-173.502,35.502,158.989
-0.015,-0.015,-0.826,-16.174,5.981,6.836,-174.331,34.673,157.989
-0.178,-0.03,-0.864,-1.587,0.549,-4.822,-174.606,34.59,157.571
-0.128,-0.09,-0.915,5.432,10.498,-7.141,-174.348,34.173,157.654
-0.091,-0.12,-0.916,6.775,3.479,-3.723,-173.963,33.723,157.61
-0.15,-0.201,-0.988,6.958,0.0,-11.475,-173.441,33.58,157.703
-0.148,-0.211,-1.0,-1.465,-1.038,-14.893,-173.09,33.464,158.082
-0.257,-0.182,-1.093,-6.897,-13.672,-10.742,-173.046,33.777,158.527
-0.319,-0.144,-0.96,-8.24,-15.869,-10.742,-173.167,34.552,158.972
-0.375,-0.062,-1.123,-8.972,-5.005,-7.874,-173.326,35.272,159.642
-0.128,0.002,-1.077,-7.751,14.343,-3.845,-173.595,34.986,160.137
-0.067,0.124,-0.993,-9.888,-15.32,-2.991,-174.073,35.156,160.34
-0.108,0.14,-0.903,9.399,0.427,-12.207,-174.133,35.59,160.708
-0.042,-0.039,-0.933,18.433,18.188,-20.02,-173.265,34.827,161.559
0.053,-0.099,-0.931,8.362,21.79,-13.733,-172.705,33.536,162.109
0.01,-0.137,-0.898,-0.183,6.775,-6.592,-172.54,32.646,162.241
-0.1,-0.027,-0.972,-20.264,20.142,13.367,-173.249,31.91,161.587
0.026,0.108,-0.968,-16.113,23.499,13.062,-174.375,30.564,160.488
0.038,0.083,-0.961,-0.427,8.545,-5.005,-174.864,29.696,160.137
-0.09,-0.026,-0.956,5.371,0.916,-8.911,-174.749,29.482,160.422
-0.114,-0.075,-0.927,1.404,3.54,-3.967,-174.6,29.235,160.675
-0.122,-0.025,-0.927,-5.188,1.221,3.113,-174.798,29.097,160.593
-0.099,-0.023,-0.914,-5.188,8.301,-1.587,-175.078,28.927,160.587
-0.055,0.025,-0.972,-8.24,10.925,5.981,-175.468,28.488,160.554
0.007,0.059,-1.072,-0.793,8.423,11.353,-175.792,27.922,160.109
-0.175,0.049,-1.08,3.967,-21.057,14.832,-175.831,28.257,159.423
-0.307,-0.008,-1.043,12.207,5.859,2.625,-175.605,28.949,159.088
-0.026,-0.104,-0.932,11.414,22.949,0.366,-175.04,28.114,159.329
-0.003,-0.079,-0.977,-4.761,17.334,20.63,-174.985,27.394,158.857
0.111,0.039,-0.987,-2.991,23.376,35.217,-175.303,26.329,157.275
0.154,0.043,-1.007,10.01,13.0,29.358,-175.193,25.466,155.468
0.115,-0.091,-0.936,20.569,0.366,8.545,-174.424,25.109,154.407
0.021,-0.201,-0.928,12.207,-2.136,0.366,-173.622,25.054,154.001
-0.008,-0.232,-0.911,-2.075,10.62,4.822,-173.375,24.752,153.523
0.118,-0.127,-0.953,-17.517,16.663,18.311,-173.842,23.934,152.419
0.168,-0.002,-0.956,-10.62,1.221,7.751,-174.523,23.297,151.139
0.031,-0.046,-0.947,-6.897,-9.888,-7.202,-174.831,23.445,150.853
-0.02,-0.023,-0.933,-7.324,-4.517,-7.385,-175.188,23.687,150.963
-0.019,-0.038,-0.934,-4.7,-1.282,-7.141,-175.446,23.769,151.155
0.023,-0.019,-0.935,-3.052,-1.526,-0.61,-175.644,23.763,151.243
-0.017,-0.024,-0.954,-1.282,-6.592,4.639,-175.721,24.0,151.051
-0.038,-0.036,-0.957,1.038,-6.897,2.197,-175.726,24.324,150.82
-0.07,-0.026,-0.941,-4.333,-14.343,4.089,-175.781,24.868,150.727
-0.152,0.009,-0.954,3.357,-9.521,1.953,-175.864,25.593,150.59
-0.116,-0.072,-0.958,9.583,-2.38,-6.226,-175.49,25.928,150.914
-0.093,-0.106,-0.961,7.141,-1.221,-12.146,-175.078,26.131,151.562
-0.032,-0.145,-0.986,3.296,-1.831,-20.264,-174.727,26.191,152.529
-0.056,-0.142,-0.941,-0.916,-19.104,-26.062,-174.567,26.779,153.721
-0.237,-0.115,-1.07,-5.371,-23.071,-24.475,-174.551,27.916,155.039
-0.218,-0.058,-0.984,-5.859,-7.751,-20.996,-174.699,28.773,156.379
