"target","source_tag","method","accuracy_pct","f1_pct","bacc_pct","kappa_pct","samples","run_dir"
"a","multi_bcdefghi_to_a","adapt1d","75.5759","73.0841","76.8049","70.7157","7423","D:\大文件夹\EEG-PLTA-main\test-time-evaluation\HHAR_AB_batch400_compare\Seed5\multi_bcdefghi_to_a\adapt1d\20260707-125233"
"a","multi_bcdefghi_to_a","cotta","83.8206","83.5228","84.2702","80.5379","7423","D:\大文件夹\EEG-PLTA-main\test-time-evaluation\HHAR_AB_batch400_compare\Seed5\multi_bcdefghi_to_a\cotta\20260707-125025"
"a","multi_bcdefghi_to_a","dynatta1d","57.012","56.0487","56.7407","48.321","7423","D:\大文件夹\EEG-PLTA-main\test-time-evaluation\HHAR_AB_batch400_compare\Seed5\multi_bcdefghi_to_a\dynatta1d\20260707-125227"
"a","multi_bcdefghi_to_a","eata","56.985","56.0616","56.7764","48.3027","7423","D:\大文件夹\EEG-PLTA-main\test-time-evaluation\HHAR_AB_batch400_compare\Seed5\multi_bcdefghi_to_a\eata\20260707-125245"
"a","multi_bcdefghi_to_a","lame","65.6204","61.9458","69.4935","58.8368","7423","D:\大文件夹\EEG-PLTA-main\test-time-evaluation\HHAR_AB_batch400_compare\Seed5\multi_bcdefghi_to_a\lame\20260707-125033"
"a","multi_bcdefghi_to_a","plta","78.5127","77.2824","78.8846","74.1681","7423","D:\大文件夹\EEG-PLTA-main\test-time-evaluation\HHAR_AB_batch400_compare\Seed5\multi_bcdefghi_to_a\plta\20260707-125045"
"a","multi_bcdefghi_to_a","pltamy","86.2455","86.0443","86.6951","83.4515","7423","D:\大文件夹\EEG-PLTA-main\test-time-evaluation\HHAR_AB_batch400_compare\Seed5\multi_bcdefghi_to_a\pltamy\20260707-125125"
"a","multi_bcdefghi_to_a","predBN","56.9446","55.9936","56.6883","48.2469","7423","D:\大文件夹\EEG-PLTA-main\test-time-evaluation\HHAR_AB_batch400_compare\Seed5\multi_bcdefghi_to_a\predBN\20260707-125009"
"a","multi_bcdefghi_to_a","predBN+","72.9085","72.5066","74.48","67.4219","7423","D:\大文件夹\EEG-PLTA-main\test-time-evaluation\HHAR_AB_batch400_compare\Seed5\multi_bcdefghi_to_a\predBN+\20260707-125014"
"a","multi_bcdefghi_to_a","sar","57.2275","56.2594","56.922","48.5756","7423","D:\大文件夹\EEG-PLTA-main\test-time-evaluation\HHAR_AB_batch400_compare\Seed5\multi_bcdefghi_to_a\sar\20260707-125037"
"a","multi_bcdefghi_to_a","source","65.5261","61.8531","69.3924","58.7241","7423","D:\大文件夹\EEG-PLTA-main\test-time-evaluation\HHAR_AB_batch400_compare\Seed5\multi_bcdefghi_to_a\source\20260707-124959"
"a","multi_bcdefghi_to_a","t3a","69.8235","64.8658","73.2889","63.849","7423","D:\大文件夹\EEG-PLTA-main\test-time-evaluation\HHAR_AB_batch400_compare\Seed5\multi_bcdefghi_to_a\t3a\20260707-125003"
"a","multi_bcdefghi_to_a","tent","57.268","56.3278","56.9554","48.616","7423","D:\大文件夹\EEG-PLTA-main\test-time-evaluation\HHAR_AB_batch400_compare\Seed5\multi_bcdefghi_to_a\tent\20260707-125018"
"a","multi_bcdefghi_to_a","tipi","83.7936","83.5004","84.2352","80.5046","7423","D:\大文件夹\EEG-PLTA-main\test-time-evaluation\HHAR_AB_batch400_compare\Seed5\multi_bcdefghi_to_a\tipi\20260707-125239"
"a","multi_bcdefghi_to_a","tribe1d","85.4102","85.1492","85.6711","82.445","7423","D:\大文件夹\EEG-PLTA-main\test-time-evaluation\HHAR_AB_batch400_compare\Seed5\multi_bcdefghi_to_a\tribe1d\20260707-125219"
"a","multi_bcdefghi_to_a","ttime","56.9716","56.0903","56.6779","48.2715","7423","D:\大文件夹\EEG-PLTA-main\test-time-evaluation\HHAR_AB_batch400_compare\Seed5\multi_bcdefghi_to_a\ttime\20260707-125252"
"b","multi_acdefghi_to_b","adapt1d","82.7233","81.48","79.7137","78.9041","8798","D:\大文件夹\EEG-PLTA-main\test-time-evaluation\HHAR_AB_batch400_compare\Seed5\multi_acdefghi_to_b\adapt1d\20260707-103443"
"b","multi_acdefghi_to_b","cotta","94.2714","94.2285","93.6971","93.0389","8798","D:\大文件夹\EEG-PLTA-main\test-time-evaluation\HHAR_AB_batch400_compare\Seed5\multi_acdefghi_to_b\cotta\20260707-103410"
"b","multi_acdefghi_to_b","dynatta1d","71.6413","71.4764","72.9948","65.7118","8798","D:\大文件夹\EEG-PLTA-main\test-time-evaluation\HHAR_AB_batch400_compare\Seed5\multi_acdefghi_to_b\dynatta1d\20260707-103437"
"b","multi_acdefghi_to_b","eata","70.2773","70.2552","71.4484","64.0752","8798","D:\大文件夹\EEG-PLTA-main\test-time-evaluation\HHAR_AB_batch400_compare\Seed5\multi_acdefghi_to_b\eata\20260707-103455"
"b","multi_acdefghi_to_b","lame","94.6124","94.5891","93.7627","93.4504","8798","D:\大文件夹\EEG-PLTA-main\test-time-evaluation\HHAR_AB_batch400_compare\Seed5\multi_acdefghi_to_b\lame\20260707-103417"
"b","multi_acdefghi_to_b","plta","92.8052","92.7647","92.3093","91.2718","8798","D:\大文件夹\EEG-PLTA-main\test-time-evaluation\HHAR_AB_batch400_compare\Seed5\multi_acdefghi_to_b\plta\20260707-102559"
"b","multi_acdefghi_to_b","pltamy","97.0221","97.0076","96.5164","96.3845","8798","D:\大文件夹\EEG-PLTA-main\test-time-evaluation\HHAR_AB_batch400_compare\Seed5\multi_acdefghi_to_b\pltamy\20260707-102643"
"b","multi_acdefghi_to_b","predBN","71.5049","71.3513","72.8647","65.5522","8798","D:\大文件夹\EEG-PLTA-main\test-time-evaluation\HHAR_AB_batch400_compare\Seed5\multi_acdefghi_to_b\predBN\20260707-103355"
"b","multi_acdefghi_to_b","predBN+","89.7249","89.6228","89.0703","87.5073","8798","D:\大文件夹\EEG-PLTA-main\test-time-evaluation\HHAR_AB_batch400_compare\Seed5\multi_acdefghi_to_b\predBN+\20260707-103359"
"b","multi_acdefghi_to_b","sar","71.9141","71.6803","73.2308","66.0277","8798","D:\大文件夹\EEG-PLTA-main\test-time-evaluation\HHAR_AB_batch400_compare\Seed5\multi_acdefghi_to_b\sar\20260707-103422"
"b","multi_acdefghi_to_b","source","94.5783","94.5541","93.7197","93.4088","8798","D:\大文件夹\EEG-PLTA-main\test-time-evaluation\HHAR_AB_batch400_compare\Seed5\multi_acdefghi_to_b\source\20260707-103350"
"b","multi_acdefghi_to_b","t3a","96.9311","96.9312","96.7443","96.2749","8798","D:\大文件夹\EEG-PLTA-main\test-time-evaluation\HHAR_AB_batch400_compare\Seed5\multi_acdefghi_to_b\t3a\20260707-102553"
"b","multi_acdefghi_to_b","tent","72.0846","71.8873","73.3827","66.2329","8798","D:\大文件夹\EEG-PLTA-main\test-time-evaluation\HHAR_AB_batch400_compare\Seed5\multi_acdefghi_to_b\tent\20260707-103403"
"b","multi_acdefghi_to_b","tipi","94.6579","94.617","94.1162","93.5086","8798","D:\大文件夹\EEG-PLTA-main\test-time-evaluation\HHAR_AB_batch400_compare\Seed5\multi_acdefghi_to_b\tipi\20260707-103449"
"b","multi_acdefghi_to_b","tribe1d","95.6581","95.6512","95.5119","94.7298","8798","D:\大文件夹\EEG-PLTA-main\test-time-evaluation\HHAR_AB_batch400_compare\Seed5\multi_acdefghi_to_b\tribe1d\20260707-103430"
"b","multi_acdefghi_to_b","ttime","71.8345","71.7079","73.2149","65.9509","8798","D:\大文件夹\EEG-PLTA-main\test-time-evaluation\HHAR_AB_batch400_compare\Seed5\multi_acdefghi_to_b\ttime\20260707-103502"
"c","multi_abdefghi_to_c","adapt1d","66.0717","65.6221","67.9904","59.4188","7283","D:\大文件夹\EEG-PLTA-main\test-time-evaluation\HHAR_AB_batch400_compare\Seed5\multi_abdefghi_to_c\adapt1d\20260707-124932"
"c","multi_abdefghi_to_c","cotta","66.868","66.4279","68.7221","60.3503","7283","D:\大文件夹\EEG-PLTA-main\test-time-evaluation\HHAR_AB_batch400_compare\Seed5\multi_abdefghi_to_c\cotta\20260707-124726"
"c","multi_abdefghi_to_c","dynatta1d","42.4001","40.048","43.0039","30.8332","7283","D:\大文件夹\EEG-PLTA-main\test-time-evaluation\HHAR_AB_batch400_compare\Seed5\multi_abdefghi_to_c\dynatta1d\20260707-124926"
"c","multi_abdefghi_to_c","eata","42.6473","40.4376","43.2459","31.1276","7283","D:\大文件夹\EEG-PLTA-main\test-time-evaluation\HHAR_AB_batch400_compare\Seed5\multi_abdefghi_to_c\eata\20260707-124944"
"c","multi_abdefghi_to_c","lame","66.9779","66.2955","69.3347","60.5326","7283","D:\大文件夹\EEG-PLTA-main\test-time-evaluation\HHAR_AB_batch400_compare\Seed5\multi_abdefghi_to_c\lame\20260707-124734"
"c","multi_abdefghi_to_c","plta","65.8794","65.0185","67.4627","59.2035","7283","D:\大文件夹\EEG-PLTA-main\test-time-evaluation\HHAR_AB_batch400_compare\Seed5\multi_abdefghi_to_c\plta\20260707-124747"
"c","multi_abdefghi_to_c","pltamy","70.2046","69.8512","72.2064","64.3434","7283","D:\大文件夹\EEG-PLTA-main\test-time-evaluation\HHAR_AB_batch400_compare\Seed5\multi_abdefghi_to_c\pltamy\20260707-124826"
"c","multi_abdefghi_to_c","predBN","42.455","40.1518","43.0407","30.893","7283","D:\大文件夹\EEG-PLTA-main\test-time-evaluation\HHAR_AB_batch400_compare\Seed5\multi_abdefghi_to_c\predBN\20260707-124710"
"c","multi_abdefghi_to_c","predBN+","60.2911","59.2152","61.4075","52.3872","7283","D:\大文件夹\EEG-PLTA-main\test-time-evaluation\HHAR_AB_batch400_compare\Seed5\multi_abdefghi_to_c\predBN+\20260707-124714"
"c","multi_abdefghi_to_c","sar","42.3864","39.9718","42.9086","30.778","7283","D:\大文件夹\EEG-PLTA-main\test-time-evaluation\HHAR_AB_batch400_compare\Seed5\multi_abdefghi_to_c\sar\20260707-124739"
"c","multi_abdefghi_to_c","source","67.0191","66.3276","69.3708","60.5802","7283","D:\大文件夹\EEG-PLTA-main\test-time-evaluation\HHAR_AB_batch400_compare\Seed5\multi_abdefghi_to_c\source\20260707-124700"
"c","multi_abdefghi_to_c","t3a","68.5706","67.8882","70.7602","62.3981","7283","D:\大文件夹\EEG-PLTA-main\test-time-evaluation\HHAR_AB_batch400_compare\Seed5\multi_abdefghi_to_c\t3a\20260707-124704"
"c","multi_abdefghi_to_c","tent","42.2079","39.7563","42.7863","30.5922","7283","D:\大文件夹\EEG-PLTA-main\test-time-evaluation\HHAR_AB_batch400_compare\Seed5\multi_abdefghi_to_c\tent\20260707-124719"
"c","multi_abdefghi_to_c","tipi","67.0465","66.6638","68.9591","60.5658","7283","D:\大文件夹\EEG-PLTA-main\test-time-evaluation\HHAR_AB_batch400_compare\Seed5\multi_abdefghi_to_c\tipi\20260707-124938"
"c","multi_abdefghi_to_c","tribe1d","66.6209","65.8092","68.4983","60.0147","7283","D:\大文件夹\EEG-PLTA-main\test-time-evaluation\HHAR_AB_batch400_compare\Seed5\multi_abdefghi_to_c\tribe1d\20260707-124918"
"c","multi_abdefghi_to_c","ttime","42.4138","40.0942","43.0053","30.8553","7283","D:\大文件夹\EEG-PLTA-main\test-time-evaluation\HHAR_AB_batch400_compare\Seed5\multi_abdefghi_to_c\ttime\20260707-124951"
"d","multi_abcefghi_to_d","adapt1d","87.758","87.3738","87.4734","85.2126","7850","D:\大文件夹\EEG-PLTA-main\test-time-evaluation\HHAR_AB_batch400_compare\Seed5\multi_abcefghi_to_d\adapt1d\20260707-124633"
"d","multi_abcefghi_to_d","cotta","95.6433","95.6267","95.0878","94.7328","7850","D:\大文件夹\EEG-PLTA-main\test-time-evaluation\HHAR_AB_batch400_compare\Seed5\multi_abcefghi_to_d\cotta\20260707-124419"
"d","multi_abcefghi_to_d","dynatta1d","76.3312","76.7559","76.4118","71.4055","7850","D:\大文件夹\EEG-PLTA-main\test-time-evaluation\HHAR_AB_batch400_compare\Seed5\multi_abcefghi_to_d\dynatta1d\20260707-124627"
"d","multi_abcefghi_to_d","eata","76.3822","76.8083","76.4988","71.4786","7850","D:\大文件夹\EEG-PLTA-main\test-time-evaluation\HHAR_AB_batch400_compare\Seed5\multi_abcefghi_to_d\eata\20260707-124646"
"d","multi_abcefghi_to_d","lame","94.8917","94.8576","94.3101","93.8207","7850","D:\大文件夹\EEG-PLTA-main\test-time-evaluation\HHAR_AB_batch400_compare\Seed5\multi_abcefghi_to_d\lame\20260707-124426"
"d","multi_abcefghi_to_d","plta","95.4395","95.4371","94.9462","94.4878","7850","D:\大文件夹\EEG-PLTA-main\test-time-evaluation\HHAR_AB_batch400_compare\Seed5\multi_abcefghi_to_d\plta\20260707-124438"
"d","multi_abcefghi_to_d","pltamy","96.9299","96.9008","96.4242","96.2881","7850","D:\大文件夹\EEG-PLTA-main\test-time-evaluation\HHAR_AB_batch400_compare\Seed5\multi_abcefghi_to_d\pltamy\20260707-124521"
"d","multi_abcefghi_to_d","predBN","76.0382","76.4895","76.1497","71.0581","7850","D:\大文件夹\EEG-PLTA-main\test-time-evaluation\HHAR_AB_batch400_compare\Seed5\multi_abcefghi_to_d\predBN\20260707-124404"
"d","multi_abcefghi_to_d","predBN+","92.6369","92.6038","92.0221","91.0876","7850","D:\大文件夹\EEG-PLTA-main\test-time-evaluation\HHAR_AB_batch400_compare\Seed5\multi_abcefghi_to_d\predBN+\20260707-124408"
"d","multi_abcefghi_to_d","sar","76.4586","76.8701","76.5529","71.56","7850","D:\大文件夹\EEG-PLTA-main\test-time-evaluation\HHAR_AB_batch400_compare\Seed5\multi_abcefghi_to_d\sar\20260707-124430"
"d","multi_abcefghi_to_d","source","94.7898","94.756","94.1928","93.697","7850","D:\大文件夹\EEG-PLTA-main\test-time-evaluation\HHAR_AB_batch400_compare\Seed5\multi_abcefghi_to_d\source\20260707-124354"
"d","multi_abcefghi_to_d","t3a","90.586","90.3985","89.7311","88.5999","7850","D:\大文件夹\EEG-PLTA-main\test-time-evaluation\HHAR_AB_batch400_compare\Seed5\multi_abcefghi_to_d\t3a\20260707-124359"
"d","multi_abcefghi_to_d","tent","76.4459","76.8572","76.4937","71.5357","7850","D:\大文件夹\EEG-PLTA-main\test-time-evaluation\HHAR_AB_batch400_compare\Seed5\multi_abcefghi_to_d\tent\20260707-124413"
"d","multi_abcefghi_to_d","tipi","95.6561","95.6383","95.0896","94.748","7850","D:\大文件夹\EEG-PLTA-main\test-time-evaluation\HHAR_AB_batch400_compare\Seed5\multi_abcefghi_to_d\tipi\20260707-124639"
"d","multi_abcefghi_to_d","tribe1d","95.9108","95.9002","95.4111","95.057","7850","D:\大文件夹\EEG-PLTA-main\test-time-evaluation\HHAR_AB_batch400_compare\Seed5\multi_abcefghi_to_d\tribe1d\20260707-124619"
"d","multi_abcefghi_to_d","ttime","76.535","76.9575","76.6651","71.6589","7850","D:\大文件夹\EEG-PLTA-main\test-time-evaluation\HHAR_AB_batch400_compare\Seed5\multi_abcefghi_to_d\ttime\20260707-124652"
"e","multi_abcdfghi_to_e","adapt1d","86.1444","84.9787","85.795","83.2542","8668","D:\大文件夹\EEG-PLTA-main\test-time-evaluation\HHAR_AB_batch400_compare\Seed5\multi_abcdfghi_to_e\adapt1d\20260707-124329"
"e","multi_abcdfghi_to_e","cotta","96.2852","96.2572","96.1712","95.515","8668","D:\大文件夹\EEG-PLTA-main\test-time-evaluation\HHAR_AB_batch400_compare\Seed5\multi_abcdfghi_to_e\cotta\20260707-124110"
"e","multi_abcdfghi_to_e","dynatta1d","74.9654","74.5602","75.117","69.7332","8668","D:\大文件夹\EEG-PLTA-main\test-time-evaluation\HHAR_AB_batch400_compare\Seed5\multi_abcdfghi_to_e\dynatta1d\20260707-124323"
"e","multi_abcdfghi_to_e","eata","74.4578","74.0455","74.6055","69.1151","8668","D:\大文件夹\EEG-PLTA-main\test-time-evaluation\HHAR_AB_batch400_compare\Seed5\multi_abcdfghi_to_e\eata\20260707-124341"
"e","multi_abcdfghi_to_e","lame","96.1237","96.0673","95.8711","95.3169","8668","D:\大文件夹\EEG-PLTA-main\test-time-evaluation\HHAR_AB_batch400_compare\Seed5\multi_abcdfghi_to_e\lame\20260707-124118"
"e","multi_abcdfghi_to_e","plta","94.0471","94.0573","94.4639","92.8269","8668","D:\大文件夹\EEG-PLTA-main\test-time-evaluation\HHAR_AB_batch400_compare\Seed5\multi_abcdfghi_to_e\plta\20260707-124130"
"e","multi_abcdfghi_to_e","pltamy","97.7273","97.719","97.6513","97.255","8668","D:\大文件夹\EEG-PLTA-main\test-time-evaluation\HHAR_AB_batch400_compare\Seed5\multi_abcdfghi_to_e\pltamy\20260707-124214"
"e","multi_abcdfghi_to_e","predBN","74.7","74.2843","74.8917","69.4187","8668","D:\大文件夹\EEG-PLTA-main\test-time-evaluation\HHAR_AB_batch400_compare\Seed5\multi_abcdfghi_to_e\predBN\20260707-124055"
"e","multi_abcdfghi_to_e","predBN+","89.5132","89.4558","89.288","87.3156","8668","D:\大文件夹\EEG-PLTA-main\test-time-evaluation\HHAR_AB_batch400_compare\Seed5\multi_abcdfghi_to_e\predBN+\20260707-124100"
"e","multi_abcdfghi_to_e","sar","75.1731","74.7308","75.2139","69.9685","8668","D:\大文件夹\EEG-PLTA-main\test-time-evaluation\HHAR_AB_batch400_compare\Seed5\multi_abcdfghi_to_e\sar\20260707-124122"
"e","multi_abcdfghi_to_e","source","96.1237","96.0654","95.8613","95.3167","8668","D:\大文件夹\EEG-PLTA-main\test-time-evaluation\HHAR_AB_batch400_compare\Seed5\multi_abcdfghi_to_e\source\20260707-124046"
"e","multi_abcdfghi_to_e","t3a","95.8468","95.7838","95.5617","94.9833","8668","D:\大文件夹\EEG-PLTA-main\test-time-evaluation\HHAR_AB_batch400_compare\Seed5\multi_abcdfghi_to_e\t3a\20260707-124050"
"e","multi_abcdfghi_to_e","tent","75.15","74.6996","75.2343","69.9432","8668","D:\大文件夹\EEG-PLTA-main\test-time-evaluation\HHAR_AB_batch400_compare\Seed5\multi_abcdfghi_to_e\tent\20260707-124104"
"e","multi_abcdfghi_to_e","tipi","96.3544","96.3287","96.2494","95.5987","8668","D:\大文件夹\EEG-PLTA-main\test-time-evaluation\HHAR_AB_batch400_compare\Seed5\multi_abcdfghi_to_e\tipi\20260707-124335"
"e","multi_abcdfghi_to_e","tribe1d","95.2584","95.1974","94.9578","94.2702","8668","D:\大文件夹\EEG-PLTA-main\test-time-evaluation\HHAR_AB_batch400_compare\Seed5\multi_abcdfghi_to_e\tribe1d\20260707-124315"
"e","multi_abcdfghi_to_e","ttime","74.85","74.5141","75.0885","69.6127","8668","D:\大文件夹\EEG-PLTA-main\test-time-evaluation\HHAR_AB_batch400_compare\Seed5\multi_abcdfghi_to_e\ttime\20260707-124348"
"f","multi_abcdeghi_to_f","adapt1d","67.7953","56.8563","66.5367","61.0575","6232","D:\大文件夹\EEG-PLTA-main\test-time-evaluation\HHAR_AB_batch400_compare\Seed5\multi_abcdeghi_to_f\adapt1d\20260707-124021"
"f","multi_abcdeghi_to_f","cotta","92.2657","92.2089","92.0988","90.6517","6232","D:\大文件夹\EEG-PLTA-main\test-time-evaluation\HHAR_AB_batch400_compare\Seed5\multi_abcdeghi_to_f\cotta\20260707-123833"
"f","multi_abcdeghi_to_f","dynatta1d","78.0809","78.3716","78.5774","73.4411","6232","D:\大文件夹\EEG-PLTA-main\test-time-evaluation\HHAR_AB_batch400_compare\Seed5\multi_abcdeghi_to_f\dynatta1d\20260707-124016"
"f","multi_abcdeghi_to_f","eata","78.1932","78.4757","78.655","73.5797","6232","D:\大文件夹\EEG-PLTA-main\test-time-evaluation\HHAR_AB_batch400_compare\Seed5\multi_abcdeghi_to_f\eata\20260707-124033"
"f","multi_abcdeghi_to_f","lame","91.7522","91.67","91.1562","90.0334","6232","D:\大文件夹\EEG-PLTA-main\test-time-evaluation\HHAR_AB_batch400_compare\Seed5\multi_abcdeghi_to_f\lame\20260707-123840"
"f","multi_abcdeghi_to_f","plta","92.4904","92.3965","92.6448","90.9211","6232","D:\大文件夹\EEG-PLTA-main\test-time-evaluation\HHAR_AB_batch400_compare\Seed5\multi_abcdeghi_to_f\plta\20260707-123852"
"f","multi_abcdeghi_to_f","pltamy","95.8761","95.8598","95.7291","95.0143","6232","D:\大文件夹\EEG-PLTA-main\test-time-evaluation\HHAR_AB_batch400_compare\Seed5\multi_abcdeghi_to_f\pltamy\20260707-123925"
"f","multi_abcdeghi_to_f","predBN","78.0809","78.3685","78.565","73.4414","6232","D:\大文件夹\EEG-PLTA-main\test-time-evaluation\HHAR_AB_batch400_compare\Seed5\multi_abcdeghi_to_f\predBN\20260707-123819"
"f","multi_abcdeghi_to_f","predBN+","91.6399","91.6454","91.9097","89.8896","6232","D:\大文件夹\EEG-PLTA-main\test-time-evaluation\HHAR_AB_batch400_compare\Seed5\multi_abcdeghi_to_f\predBN+\20260707-123823"
"f","multi_abcdeghi_to_f","sar","78.3376","78.6154","78.8269","73.745","6232","D:\大文件夹\EEG-PLTA-main\test-time-evaluation\HHAR_AB_batch400_compare\Seed5\multi_abcdeghi_to_f\sar\20260707-123845"
"f","multi_abcdeghi_to_f","source","91.6399","91.5591","91.0379","89.8978","6232","D:\大文件夹\EEG-PLTA-main\test-time-evaluation\HHAR_AB_batch400_compare\Seed5\multi_abcdeghi_to_f\source\20260707-123810"
"f","multi_abcdeghi_to_f","t3a","95.0257","95.0249","95.009","93.9866","6232","D:\大文件夹\EEG-PLTA-main\test-time-evaluation\HHAR_AB_batch400_compare\Seed5\multi_abcdeghi_to_f\t3a\20260707-123814"
"f","multi_abcdeghi_to_f","tent","78.0006","78.2881","78.5214","73.3425","6232","D:\大文件夹\EEG-PLTA-main\test-time-evaluation\HHAR_AB_batch400_compare\Seed5\multi_abcdeghi_to_f\tent\20260707-123827"
"f","multi_abcdeghi_to_f","tipi","92.1534","92.099","91.9658","90.5165","6232","D:\大文件夹\EEG-PLTA-main\test-time-evaluation\HHAR_AB_batch400_compare\Seed5\multi_abcdeghi_to_f\tipi\20260707-124028"
"f","multi_abcdeghi_to_f","tribe1d","91.4795","91.4492","91.2122","89.7101","6232","D:\大文件夹\EEG-PLTA-main\test-time-evaluation\HHAR_AB_batch400_compare\Seed5\multi_abcdeghi_to_f\tribe1d\20260707-124009"
"f","multi_abcdeghi_to_f","ttime","78.2253","78.5065","78.7856","73.629","6232","D:\大文件夹\EEG-PLTA-main\test-time-evaluation\HHAR_AB_batch400_compare\Seed5\multi_abcdeghi_to_f\ttime\20260707-124039"
"g","multi_abcdefhi_to_g","adapt1d","76.0878","70.7615","74.8596","71.1268","8021","D:\大文件夹\EEG-PLTA-main\test-time-evaluation\HHAR_AB_batch400_compare\Seed5\multi_abcdefhi_to_g\adapt1d\20260707-123744"
"g","multi_abcdefhi_to_g","cotta","86.1987","85.3229","85.3906","83.3198","8021","D:\大文件夹\EEG-PLTA-main\test-time-evaluation\HHAR_AB_batch400_compare\Seed5\multi_abcdefhi_to_g\cotta\20260707-123532"
"g","multi_abcdefhi_to_g","dynatta1d","70.3653","70.9348","69.7837","64.3291","8021","D:\大文件夹\EEG-PLTA-main\test-time-evaluation\HHAR_AB_batch400_compare\Seed5\multi_abcdefhi_to_g\dynatta1d\20260707-123738"
"g","multi_abcdefhi_to_g","eata","70.8016","71.3606","70.2368","64.8601","8021","D:\大文件夹\EEG-PLTA-main\test-time-evaluation\HHAR_AB_batch400_compare\Seed5\multi_abcdefhi_to_g\eata\20260707-123756"
"g","multi_abcdefhi_to_g","lame","74.3673","71.8957","74.1907","69.042","8021","D:\大文件夹\EEG-PLTA-main\test-time-evaluation\HHAR_AB_batch400_compare\Seed5\multi_abcdefhi_to_g\lame\20260707-123541"
"g","multi_abcdefhi_to_g","plta","86.6974","86.3323","86.2126","83.9474","8021","D:\大文件夹\EEG-PLTA-main\test-time-evaluation\HHAR_AB_batch400_compare\Seed5\multi_abcdefhi_to_g\plta\20260707-123553"
"g","multi_abcdefhi_to_g","pltamy","91.8215","91.3669","91.1351","90.111","8021","D:\大文件夹\EEG-PLTA-main\test-time-evaluation\HHAR_AB_batch400_compare\Seed5\multi_abcdefhi_to_g\pltamy\20260707-123634"
"g","multi_abcdefhi_to_g","predBN","70.2531","70.8299","69.6977","64.1994","8021","D:\大文件夹\EEG-PLTA-main\test-time-evaluation\HHAR_AB_batch400_compare\Seed5\multi_abcdefhi_to_g\predBN\20260707-123516"
"g","multi_abcdefhi_to_g","predBN+","81.2492","80.9525","80.8027","77.3621","8021","D:\大文件夹\EEG-PLTA-main\test-time-evaluation\HHAR_AB_batch400_compare\Seed5\multi_abcdefhi_to_g\predBN+\20260707-123521"
"g","multi_abcdefhi_to_g","sar","70.5523","71.0948","69.8294","64.5293","8021","D:\大文件夹\EEG-PLTA-main\test-time-evaluation\HHAR_AB_batch400_compare\Seed5\multi_abcdefhi_to_g\sar\20260707-123545"
"g","multi_abcdefhi_to_g","source","74.3174","71.8262","74.1374","68.98","8021","D:\大文件夹\EEG-PLTA-main\test-time-evaluation\HHAR_AB_batch400_compare\Seed5\multi_abcdefhi_to_g\source\20260707-123507"
"g","multi_abcdefhi_to_g","t3a","86.4855","85.8638","85.4586","83.6459","8021","D:\大文件夹\EEG-PLTA-main\test-time-evaluation\HHAR_AB_batch400_compare\Seed5\multi_abcdefhi_to_g\t3a\20260707-123511"
"g","multi_abcdefhi_to_g","tent","70.5897","71.1408","69.9428","64.5868","8021","D:\大文件夹\EEG-PLTA-main\test-time-evaluation\HHAR_AB_batch400_compare\Seed5\multi_abcdefhi_to_g\tent\20260707-123525"
"g","multi_abcdefhi_to_g","tipi","86.1115","85.1786","85.2919","83.2134","8021","D:\大文件夹\EEG-PLTA-main\test-time-evaluation\HHAR_AB_batch400_compare\Seed5\multi_abcdefhi_to_g\tipi\20260707-123750"
"g","multi_abcdefhi_to_g","tribe1d","87.4205","87.1131","86.9356","84.8125","8021","D:\大文件夹\EEG-PLTA-main\test-time-evaluation\HHAR_AB_batch400_compare\Seed5\multi_abcdefhi_to_g\tribe1d\20260707-123731"
"g","multi_abcdefhi_to_g","ttime","70.2905","70.882","69.762","64.2486","8021","D:\大文件夹\EEG-PLTA-main\test-time-evaluation\HHAR_AB_batch400_compare\Seed5\multi_abcdefhi_to_g\ttime\20260707-123803"
"h","multi_abcdefgi_to_h","adapt1d","81.7306","81.4096","83.1883","78.1518","7269","D:\大文件夹\EEG-PLTA-main\test-time-evaluation\HHAR_AB_batch400_compare\Seed5\multi_abcdefgi_to_h\adapt1d\20260707-123439"
"h","multi_abcdefgi_to_h","cotta","82.5148","82.3154","83.8327","79.078","7269","D:\大文件夹\EEG-PLTA-main\test-time-evaluation\HHAR_AB_batch400_compare\Seed5\multi_abcdefgi_to_h\cotta\20260707-123243"
"h","multi_abcdefgi_to_h","dynatta1d","63.4888","64.0663","63.083","56.2037","7269","D:\大文件夹\EEG-PLTA-main\test-time-evaluation\HHAR_AB_batch400_compare\Seed5\multi_abcdefgi_to_h\dynatta1d\20260707-123433"
"h","multi_abcdefgi_to_h","eata","63.4062","64.0009","63.0428","56.1127","7269","D:\大文件夹\EEG-PLTA-main\test-time-evaluation\HHAR_AB_batch400_compare\Seed5\multi_abcdefgi_to_h\eata\20260707-123451"
"h","multi_abcdefgi_to_h","lame","80.6989","79.5786","82.9485","76.9758","7269","D:\大文件夹\EEG-PLTA-main\test-time-evaluation\HHAR_AB_batch400_compare\Seed5\multi_abcdefgi_to_h\lame\20260707-123251"
"h","multi_abcdefgi_to_h","plta","85.39","85.3745","86.5585","82.4916","7269","D:\大文件夹\EEG-PLTA-main\test-time-evaluation\HHAR_AB_batch400_compare\Seed5\multi_abcdefgi_to_h\plta\20260707-123304"
"h","multi_abcdefgi_to_h","pltamy","90.9754","90.9871","92.0385","89.177","7269","D:\大文件夹\EEG-PLTA-main\test-time-evaluation\HHAR_AB_batch400_compare\Seed5\multi_abcdefgi_to_h\pltamy\20260707-123341"
"h","multi_abcdefgi_to_h","predBN","63.5713","64.1516","63.1761","56.3044","7269","D:\大文件夹\EEG-PLTA-main\test-time-evaluation\HHAR_AB_batch400_compare\Seed5\multi_abcdefgi_to_h\predBN\20260707-123227"
"h","multi_abcdefgi_to_h","predBN+","79.6808","79.7411","80.5995","75.6775","7269","D:\大文件夹\EEG-PLTA-main\test-time-evaluation\HHAR_AB_batch400_compare\Seed5\multi_abcdefgi_to_h\predBN+\20260707-123232"
"h","multi_abcdefgi_to_h","sar","63.5713","64.1263","63.1335","56.2971","7269","D:\大文件夹\EEG-PLTA-main\test-time-evaluation\HHAR_AB_batch400_compare\Seed5\multi_abcdefgi_to_h\sar\20260707-123256"
"h","multi_abcdefgi_to_h","source","80.5888","79.4754","82.8285","76.8444","7269","D:\大文件夹\EEG-PLTA-main\test-time-evaluation\HHAR_AB_batch400_compare\Seed5\multi_abcdefgi_to_h\source\20260707-123218"
"h","multi_abcdefgi_to_h","t3a","94.222","94.2195","94.5239","93.0527","7269","D:\大文件夹\EEG-PLTA-main\test-time-evaluation\HHAR_AB_batch400_compare\Seed5\multi_abcdefgi_to_h\t3a\20260707-123222"
"h","multi_abcdefgi_to_h","tent","63.3787","63.9322","62.9781","56.0716","7269","D:\大文件夹\EEG-PLTA-main\test-time-evaluation\HHAR_AB_batch400_compare\Seed5\multi_abcdefgi_to_h\tent\20260707-123236"
"h","multi_abcdefgi_to_h","tipi","83.7529","83.5927","84.9542","80.5493","7269","D:\大文件夹\EEG-PLTA-main\test-time-evaluation\HHAR_AB_batch400_compare\Seed5\multi_abcdefgi_to_h\tipi\20260707-123445"
"h","multi_abcdefgi_to_h","tribe1d","81.0015","80.6791","82.4864","77.2868","7269","D:\大文件夹\EEG-PLTA-main\test-time-evaluation\HHAR_AB_batch400_compare\Seed5\multi_abcdefgi_to_h\tribe1d\20260707-123426"
"h","multi_abcdefgi_to_h","ttime","63.6401","64.1312","63.215","56.3768","7269","D:\大文件夹\EEG-PLTA-main\test-time-evaluation\HHAR_AB_batch400_compare\Seed5\multi_abcdefgi_to_h\ttime\20260707-123500"
"i","multi_abcdefgh_to_i","adapt1d","82.5681","80.9699","81.312","78.8998","8886","D:\大文件夹\EEG-PLTA-main\test-time-evaluation\HHAR_AB_batch400_compare\Seed5\multi_abcdefgh_to_i\adapt1d\20260707-123152"
"i","multi_abcdefgh_to_i","cotta","86.1805","85.6556","85.3001","83.2885","8886","D:\大文件夹\EEG-PLTA-main\test-time-evaluation\HHAR_AB_batch400_compare\Seed5\multi_abcdefgh_to_i\cotta\20260707-122933"
"i","multi_abcdefgh_to_i","dynatta1d","65.6876","63.5503","64.7778","58.4963","8886","D:\大文件夹\EEG-PLTA-main\test-time-evaluation\HHAR_AB_batch400_compare\Seed5\multi_abcdefgh_to_i\dynatta1d\20260707-123146"
"i","multi_abcdefgh_to_i","eata","65.7101","63.7889","64.8546","58.5328","8886","D:\大文件夹\EEG-PLTA-main\test-time-evaluation\HHAR_AB_batch400_compare\Seed5\multi_abcdefgh_to_i\eata\20260707-123204"
"i","multi_abcdefgh_to_i","lame","82.4555","79.8745","79.7001","78.6405","8886","D:\大文件夹\EEG-PLTA-main\test-time-evaluation\HHAR_AB_batch400_compare\Seed5\multi_abcdefgh_to_i\lame\20260707-122942"
"i","multi_abcdefgh_to_i","plta","79.856","79.2749","81.0033","75.8318","8886","D:\大文件夹\EEG-PLTA-main\test-time-evaluation\HHAR_AB_batch400_compare\Seed5\multi_abcdefgh_to_i\plta\20260707-122954"
"i","multi_abcdefgh_to_i","pltamy","90.6932","90.5312","90.2271","88.7571","8886","D:\大文件夹\EEG-PLTA-main\test-time-evaluation\HHAR_AB_batch400_compare\Seed5\multi_abcdefgh_to_i\pltamy\20260707-123038"
"i","multi_abcdefgh_to_i","predBN","65.7439","63.6618","64.8565","58.5707","8886","D:\大文件夹\EEG-PLTA-main\test-time-evaluation\HHAR_AB_batch400_compare\Seed5\multi_abcdefgh_to_i\predBN\20260707-122917"
"i","multi_abcdefgh_to_i","predBN+","84.6388","83.7796","82.7808","81.3429","8886","D:\大文件夹\EEG-PLTA-main\test-time-evaluation\HHAR_AB_batch400_compare\Seed5\multi_abcdefgh_to_i\predBN+\20260707-122922"
"i","multi_abcdefgh_to_i","sar","65.4175","63.1752","64.4499","58.1564","8886","D:\大文件夹\EEG-PLTA-main\test-time-evaluation\HHAR_AB_batch400_compare\Seed5\multi_abcdefgh_to_i\sar\20260707-122946"
"i","multi_abcdefgh_to_i","source","82.3318","79.7712","79.5681","78.4896","8886","D:\大文件夹\EEG-PLTA-main\test-time-evaluation\HHAR_AB_batch400_compare\Seed5\multi_abcdefgh_to_i\source\20260707-122907"
"i","multi_abcdefgh_to_i","t3a","83.3221","81.4733","80.651","79.6845","8886","D:\大文件夹\EEG-PLTA-main\test-time-evaluation\HHAR_AB_batch400_compare\Seed5\multi_abcdefgh_to_i\t3a\20260707-122912"
"i","multi_abcdefgh_to_i","tent","65.4175","63.1855","64.4109","58.1437","8886","D:\大文件夹\EEG-PLTA-main\test-time-evaluation\HHAR_AB_batch400_compare\Seed5\multi_abcdefgh_to_i\tent\20260707-122926"
"i","multi_abcdefgh_to_i","tipi","86.3606","85.8585","85.4699","83.5053","8886","D:\大文件夹\EEG-PLTA-main\test-time-evaluation\HHAR_AB_batch400_compare\Seed5\multi_abcdefgh_to_i\tipi\20260707-123158"
"i","multi_abcdefgh_to_i","tribe1d","86.6869","86.6284","86.8446","83.9588","8886","D:\大文件夹\EEG-PLTA-main\test-time-evaluation\HHAR_AB_batch400_compare\Seed5\multi_abcdefgh_to_i\tribe1d\20260707-123138"
"i","multi_abcdefgh_to_i","ttime","66.0365","63.9906","65.1833","58.926","8886","D:\大文件夹\EEG-PLTA-main\test-time-evaluation\HHAR_AB_batch400_compare\Seed5\multi_abcdefgh_to_i\ttime\20260707-123211"
